xcoord,ycoord,status,id,dateOccurred,yearOccurred,monthOccurred,dayOccurred,timeOccurred,month,year,ucr,crime,description,newCrime,unfounded,adjustment,count,district,neighborhood,ileadsaddress,ileadsstreet,cadaddress,cadstreet,locationName,locationComment,_source
-1.79769313486232e+308,-,U,439695,01jan2016,2016,1,1,1,January,2016,Sexual Assault,21000,RAPE -- FORCIBLE,Yes,No,No,1,5,58,3900,WEST BELLE PL,,WEST BELLE,,,January2016.dta
-1.79769313486232e+308,-,U,439745,01jan2016,2016,1,1,545,January,2016,Sexual Assault,21000,RAPE -- FORCIBLE,Yes,No,No,1,5,78,5400,RIDGE AVE,,,,,January2016.dta
-1.79769313486232e+308,-,U,439919,02jan2016,2016,1,2,1850,January,2016,Sex Offenses,178200,SEX OFFNS-EXPOSURE/EXPOSING PERSON,Yes,No,No,1,3,19,3400,MICHIGAN AVE,,MICHIGAN,,,January2016.dta
-1.79769313486232e+308,-,U,439990,03jan2016,2016,1,3,1110,January,2016,Sexual Assault,23000,RAPE-ATTEMPT FORCIBLE RAPE/FORCIBLE INCEST,Yes,No,No,1,6,71,4600,EMERSON AVE,,EMERSON,,,January2016.dta
-1.79769313486232e+308,-,U,440028,03jan2016,2016,1,3,1800,January,2016,Sexual Assault,21000,RAPE -- FORCIBLE,Yes,No,No,1,6,69,4100,N EUCLID AVE,,EUCLID,,,January2016.dta
-1.79769313486232e+308,-,U,440221,05jan2016,2016,1,5,1400,January,2016,Sex Offenses,178200,SEX OFFNS-EXPOSURE/EXPOSING PERSON,Yes,No,No,1,3,24,2600,GRAVOIS AVE,,GRAVOIS,,,January2016.dta
-1.79769313486232e+308,-,U,440267,05jan2016,2016,1,5,2027,January,2016,Other Assaults,91114,"ASSAULT, ADULT, AGE 17 AND UP-DOMESTIC",Yes,No,No,1,5,48,5518,JULIAN,,,,REAR PARKING LOT,January2016.dta
-1.79769313486232e+308,-,U,440531,07jan2016,2016,1,7,2227,January,2016,Sex Offenses,178200,SEX OFFNS-EXPOSURE/EXPOSING PERSON,Yes,No,No,1,4,36,200,N 17TH ST,,17TH,,,January2016.dta
-1.79769313486232e+308,-,U,440687,09jan2016,2016,1,9,155,January,2016,Sexual Assault,21000,RAPE -- FORCIBLE,Yes,No,No,1,6,69,4900,CARTER AVE,,CARTER,,,January2016.dta
-1.79769313486232e+308,-,U,440731,09jan2016,2016,1,9,1700,January,2016,Sexual Assault,21000,RAPE -- FORCIBLE,Yes,No,No,1,3,25,2800,S COMPTON AVE,,DUNNICA,,,January2016.dta
-1.79769313486232e+308,-,U,440755,09jan2016,2016,1,9,2200,January,2016,Sexual Assault,21000,RAPE -- FORCIBLE,Yes,No,No,1,6,74,800,GUSTAV AVE,,BROADWAY,,,January2016.dta
-1.79769313486232e+308,-,U,441111,13jan2016,2016,1,13,1,January,2016,Sex Offenses,171300,SEX OFFNS-STATUATORY RAPE/SECOND,Yes,No,No,1,5,46,6000,PERSHING AVE,,PERSHING,,,January2016.dta
-1.79769313486232e+308,-,U,441126,13jan2016,2016,1,13,730,January,2016,Sex Offenses,175400,SEX OFFNS-SX MISCONDUCT/SECOND,Yes,No,No,1,5,38,4900,BARNES JEWISH HOSPITAL PLZ,,,BARNES JEWISH HOSPITAL,,January2016.dta
-1.79769313486232e+308,-,U,441173,13jan2016,2016,1,13,1652,January,2016,Narcotics,182130,DRUGS-POSSESSION/HEROIN,Yes,No,No,1,0,0,1562,WELLSTON AVE,,DR MARTIN LUTHER KING,,,January2016.dta
-1.79769313486232e+308,-,U,441206,13jan2016,2016,1,13,2110,January,2016,Sexual Assault,21000,RAPE -- FORCIBLE,Yes,No,No,1,5,48,5900,CATES AVE,,CATES,,,January2016.dta
-1.79769313486232e+308,-,U,441285,14jan2016,2016,1,14,1400,January,2016,Sex Offenses,175400,SEX OFFNS-SX MISCONDUCT/SECOND,Yes,No,No,1,5,38,100,N NEWSTEAD AVE,,WEST PINE,SHAPIROS MARKET,,January2016.dta
-1.79769313486232e+308,-,U,441374,15jan2016,2016,1,15,136,January,2016,Sexual Assault,21000,RAPE -- FORCIBLE,Yes,No,No,1,3,23,2100,GEYER AVE,,GEYER,,,January2016.dta
-1.79769313486232e+308,-,U,441433,15jan2016,2016,1,15,1531,January,2016,Sex Offenses,178200,SEX OFFNS-EXPOSURE/EXPOSING PERSON,Yes,No,No,1,4,36,1600,OLIVE ST,,,,,January2016.dta
-1.79769313486232e+308,-,U,441464,15jan2016,2016,1,15,1926,January,2016,Sex Offenses,178200,SEX OFFNS-EXPOSURE/EXPOSING PERSON,Yes,No,No,1,4,35,300,WASHINGTON AVE,,,,,January2016.dta
-1.79769313486232e+308,-,U,441525,16jan2016,2016,1,16,840,January,2016,Sex Offenses,178200,SEX OFFNS-EXPOSURE/EXPOSING PERSON,Yes,No,No,1,1,17,4500,OREGON AVE,,OREGON,,,January2016.dta
-1.79769313486232e+308,-,U,441926,19jan2016,2016,1,19,2200,January,2016,Sexual Assault,21000,RAPE -- FORCIBLE,Yes,No,No,1,2,15,3100,ALFRED AVE,,,,,January2016.dta
-1.79769313486232e+308,-,U,442131,22jan2016,2016,1,22,400,January,2016,Sex Offenses,175500,SEX OFFNS-SX MISCONDUCT/FIRST,Yes,No,No,1,5,46,5900,WATERMAN BLVD,,WATERMAN,,,January2016.dta
-1.79769313486232e+308,-,U,442168,22jan2016,2016,1,22,1225,January,2016,Weapons,151130,WEAPONS-STATE VIOL/UNLWFL USE/CARRYING,Yes,No,No,1,0,0,7200,HAZELCREST,,,,,January2016.dta
-1.79769313486232e+308,-,U,442300,23jan2016,2016,1,23,1645,January,2016,Sex Offenses,175500,SEX OFFNS-SX MISCONDUCT/FIRST,Yes,No,No,1,4,35,100,N 6TH ST,,6TH,ST. LOUIS BREAD COMPANY,@BREAD COMPANY- 6TH,January2016.dta
-1.79769313486232e+308,-,U,442612,26jan2016,2016,1,26,1525,January,2016,Other Offense,263299,OBSTRUCT GOVRN OP-JUDIC/OTHR UNSPC JUDIC VIOL,Yes,No,No,1,3,31,1710,LONGFELLOW,,,,,January2016.dta
-1.79769313486232e+308,-,U,442868,28jan2016,2016,1,28,2245,January,2016,Sex Offenses,178200,SEX OFFNS-EXPOSURE/EXPOSING PERSON,Yes,No,No,1,1,16,3500,MONTANA ST,,,DUTCHTOWN NEIGHBORHOOD,SIDEWALK,January2016.dta
-1.79769313486232e+308,-,U,442898,29jan2016,2016,1,29,800,January,2016,Sex Offenses,175500,SEX OFFNS-SX MISCONDUCT/FIRST,Yes,No,No,1,2,29,3700,VISTA AVE,,VISTA,SLU HOSPITAL WEST PAVALION,4TH FLOOR,January2016.dta
-1.79769313486232e+308,-,U,443002,30jan2016,2016,1,30,1103,January,2016,Sex Offenses,178200,SEX OFFNS-EXPOSURE/EXPOSING PERSON,Yes,No,No,1,4,36,1700,LOCUST ST,,,,,January2016.dta
-1.79769313486232e+308,-,U,443144,31jan2016,2016,1,31,1830,January,2016,Aggravated Assault,41021,AGG.ASSAULT-FIREARM/CITIZEN CHILD 1ST DEGREE,Yes,No,No,1,5,48,731,HODIAMONT,,,METROLINK DELMAR TRAIN PLATFORM,TRAIN PLATFORM,January2016.dta
-1.79769313486232e+308,-,U,443536,04jan2016,2016,1,4,200,February,2016,Sexual Assault,21000,RAPE -- FORCIBLE,Yes,No,No,1,2,14,5000,CHIPPEWA ST,,CHIPPEWA,,,February2016.dta
-1.79769313486232e+308,-,U,443538,06jan2016,2016,1,6,740,February,2016,Motor Vehicle Theft,71040,AUTO THEFT-PERM RETNT/ATTEMPT,Yes,No,No,1,5,38,4471,LINDELL,,LINDELL,,,February2016.dta
-1.79769313486232e+308,-,U,444135,04feb2016,2016,2,4,1300,February,2016,Criminal Damage,142320,DESTRUCTION OF PROPERTY-MALICIOUS/PRIV PROP,Yes,No,No,1,1,4,6701,RIVER DES PERES,,,,FULTZ FIELD,February2016.dta
-1.79769313486232e+308,-,U,444243,05feb2016,2016,2,5,1308,February,2016,Sex Offenses,178200,SEX OFFNS-EXPOSURE/EXPOSING PERSON,Yes,No,No,1,4,36,200,N 17TH ST,,,711,,February2016.dta
-1.79769313486232e+308,-,U,444258,05feb2016,2016,2,5,1700,February,2016,Motor Vehicle Theft,71013,AUTO THEFT-PERM RETNT/UNRECOV OVER 48HR,Yes,No,No,1,1,2,8804,NORTH BROADWAY,,JEFFERSON,,,February2016.dta
-1.79769313486232e+308,-,U,444261,05feb2016,2016,2,5,1710,February,2016,Sex Offenses,178100,SEX OFFNS-EXPOSURE/LEWD&LACIV ACT,Yes,No,No,1,6,56,3600,WARNE AVE,,,,FUNNEL CAKE CO,February2016.dta
-1.79769313486232e+308,-,U,444520,07feb2016,2016,2,7,1430,February,2016,Sexual Assault,21000,RAPE -- FORCIBLE,Yes,No,No,1,6,71,5000,ROSALIE ST,,ROSALIE,,,February2016.dta
-1.79769313486232e+308,-,U,444939,12feb2016,2016,2,12,250,February,2016,Sex Offenses,178200,SEX OFFNS-EXPOSURE/EXPOSING PERSON,Yes,No,No,1,5,38,4900,BARNES JEWISH HOSPITAL PLZ,,,BARNES JEWISH HOSPITAL,,February2016.dta
-1.79769313486232e+308,-,U,445329,15feb2016,2016,2,15,2228,February,2016,Other Offense,265321,LEAVING SCENE OF ACCIDENT,Yes,No,No,1,1,16,3800,DELOR,,,,,February2016.dta
-1.79769313486232e+308,-,U,445389,16feb2016,2016,2,16,1730,February,2016,Sex Offenses,175400,SEX OFFNS-SX MISCONDUCT/SECOND,Yes,No,No,1,3,30,3100,PENNSYLVANIA AVE,,GRAND,DURHAM SCHOOL BUS,ON BUS,February2016.dta
-1.79769313486232e+308,-,U,445737,19feb2016,2016,2,19,1624,February,2016,Sex Offenses,178200,SEX OFFNS-EXPOSURE/EXPOSING PERSON,Yes,No,No,1,5,38,5000,MCPHERSON AVE,,,,,February2016.dta
-1.79769313486232e+308,-,U,445823,20feb2016,2016,2,20,600,February,2016,Sex Offenses,179210,SEX OFFNS-CHILD MOLESTATION-FIRST DEGREE,Yes,No,No,1,3,18,3800,MISSOURI AVE,,MISSOURI,,,February2016.dta
-1.79769313486232e+308,-,U,445973,21feb2016,2016,2,21,1925,February,2016,Sex Offenses,178200,SEX OFFNS-EXPOSURE/EXPOSING PERSON,Yes,No,No,1,3,24,2600,GRAVOIS AVE,,GRAVOIS,,7 ELEVEN,February2016.dta
-1.79769313486232e+308,-,U,446065,22feb2016,2016,2,22,1520,February,2016,Sexual Assault,21000,RAPE -- FORCIBLE,Yes,No,No,1,1,16,3800,TAFT AVE,,ALABAMA,,,February2016.dta
-1.79769313486232e+308,-,U,446237,24feb2016,2016,2,24,735,February,2016,Other Offense,265321,LEAVING SCENE OF ACCIDENT,Yes,No,No,1,2,14,3497,MACKLIND AVE,,MACKLIND,,,February2016.dta
-1.79769313486232e+308,-,U,446405,25feb2016,2016,2,25,2150,February,2016,Sexual Assault,21000,RAPE -- FORCIBLE,Yes,No,No,1,2,39,4500,HUNT AVE,,HUNT,,,February2016.dta
-1.79769313486232e+308,-,U,446642,28feb2016,2016,2,28,231,February,2016,Other Offense,265321,LEAVING SCENE OF ACCIDENT,Yes,No,No,1,2,39,4054,MANCHESTER AVE,,,,,February2016.dta
-1.79769313486232e+308,-,U,446906,13jan2016,2016,1,13,1915,March,2016,Motor Vehicle Theft,71030,AUTO THEFT-PERM RETNT/JOY RIDE,No,No,No,1,5,46,5645,FOREST PARK,,FOREST PARK,,,March2016.dta
-1.79769313486232e+308,-,U,446996,18feb2016,2016,2,18,1145,March,2016,Other Offense,265321,LEAVING SCENE OF ACCIDENT,Yes,No,No,1,6,84,1300,KINGSHIGHWAY BLVD NE,,KINGSHIGHWAY,,,March2016.dta
-1.79769313486232e+308,-,U,447061,27feb2016,2016,2,27,1000,March,2016,Sexual Assault,21000,RAPE -- FORCIBLE,Yes,No,No,1,5,52,1900,N KINGSHIGHWAY BLVD,,KINGSHIGHWAY,,,March2016.dta
-1.79769313486232e+308,-,U,447840,07mar2016,2016,3,7,1330,March,2016,Larceny,64601,"LARCENY-FROM MTR VEH $500 - $24,999",Yes,No,No,1,5,48,5701,ENRIGHT,,DELMAR,,,March2016.dta
-1.79769313486232e+308,-,U,448524,13mar2016,2016,3,13,635,March,2016,Sexual Assault,21000,RAPE -- FORCIBLE,Yes,No,No,1,3,18,3800,WISCONSIN AVE,,WISCONSIN,,,March2016.dta
-1.79769313486232e+308,-,U,448688,14mar2016,2016,3,14,1150,March,2016,Sex Offenses,178200,SEX OFFNS-EXPOSURE/EXPOSING PERSON,Yes,No,No,1,4,36,1600,OLIVE ST,,,,,March2016.dta
-1.79769313486232e+308,-,U,448882,15mar2016,2016,3,15,2000,March,2016,Sexual Assault,21000,RAPE -- FORCIBLE,Yes,No,No,1,2,15,4100,HUMPHREY ST,,GRAND,,,March2016.dta
-1.79769313486232e+308,-,U,448960,16mar2016,2016,3,16,1137,March,2016,Sex Offenses,175400,SEX OFFNS-SX MISCONDUCT/SECOND,Yes,No,No,1,3,24,2600,GRAVOIS AVE,,GRAVOIS,,,March2016.dta
-1.79769313486232e+308,-,U,449145,17mar2016,2016,3,17,1800,March,2016,Other Offense,263299,OBSTRUCT GOVRN OP-JUDIC/OTHR UNSPC JUDIC VIOL,Yes,No,No,1,2,42,6537,MOBILE CT,,MOBILE,,,March2016.dta
-1.79769313486232e+308,-,U,449172,17mar2016,2016,3,17,2038,March,2016,Sex Offenses,178200,SEX OFFNS-EXPOSURE/EXPOSING PERSON,Yes,No,No,1,3,24,2600,GRAVOIS AVE,,,,,March2016.dta
-1.79769313486232e+308,-,U,449181,17mar2016,2016,3,17,2216,March,2016,Sex Offenses,178200,SEX OFFNS-EXPOSURE/EXPOSING PERSON,Yes,No,No,1,4,36,1400,LOCUST ST,,LOCUST,,@NEW LIFE EVNGLSTC CNTR,March2016.dta
-1.79769313486232e+308,-,U,449676,22mar2016,2016,3,22,821,March,2016,Sex Offenses,178200,SEX OFFNS-EXPOSURE/EXPOSING PERSON,Yes,No,No,1,4,36,1600,OLIVE ST,,,,CENTENARY CHURCH,March2016.dta
-1.79769313486232e+308,-,U,449925,24mar2016,2016,3,24,1025,March,2016,Sex Offenses,178200,SEX OFFNS-EXPOSURE/EXPOSING PERSON,Yes,No,No,1,4,36,1400,CHESTNUT ST,,CHESTNUT,,,March2016.dta
-1.79769313486232e+308,-,U,449974,24mar2016,2016,3,24,1845,March,2016,Larceny,66701,LARCENY-BICYCLES UNDER $500,Yes,No,No,1,3,22,2100,CONGRESS ST,,,,ALLEYWAY,March2016.dta
-1.79769313486232e+308,-,U,449996,24mar2016,2016,3,24,2228,March,2016,Sex Offenses,178200,SEX OFFNS-EXPOSURE/EXPOSING PERSON,Yes,No,No,1,4,59,2500,N GRAND BLVD,,,,,March2016.dta
-1.79769313486232e+308,-,U,450074,25mar2016,2016,3,25,1600,March,2016,Sexual Assault,23000,RAPE-ATTEMPT FORCIBLE RAPE/FORCIBLE INCEST,Yes,No,No,1,2,13,5000,ODELL ST,,SUBLETTE,,,March2016.dta
-1.79769313486232e+308,-,U,450347,27mar2016,2016,3,27,1930,March,2016,Sexual Assault,23000,RAPE-ATTEMPT FORCIBLE RAPE/FORCIBLE INCEST,Yes,No,No,1,4,67,4000,PLEASANT ST,,PLEASANT,,,March2016.dta
-1.79769313486232e+308,-,U,450457,28mar2016,2016,3,28,1933,March,2016,Criminal Damage,142310,DESTRUCTION OF PROPERTY-MALICIOUS/PUBLIC PROP,Yes,No,No,1,4,59,4000,N VANDEVENTER AVE,,,,@PARK - FAIRGROUND,March2016.dta
-1.79769313486232e+308,-,U,450625,30mar2016,2016,3,30,830,March,2016,Sex Offenses,178100,SEX OFFNS-EXPOSURE/LEWD&LACIV ACT,Yes,No,No,1,2,9,6000,JUNIATA ST,,JUNIATA,,DEVONSHIRE/PRATHER,March2016.dta
-1.79769313486232e+308,-,U,450746,31mar2016,2016,3,31,1230,March,2016,Sex Offenses,178200,SEX OFFNS-EXPOSURE/EXPOSING PERSON,Yes,No,No,1,4,37,3600,SCOTT AVE,,,,IN GRASSY AREA NEAR GRAND METRO LINK,March2016.dta
-1.79769313486232e+308,-,U,450951,18mar2016,2016,3,18,2200,April,2016,Sexual Assault,21000,RAPE -- FORCIBLE,Yes,No,No,1,5,78,1300,MONTCLAIR AVE,,MONTCLAIR,,,April2016.dta
-1.79769313486232e+308,-,U,450963,21mar2016,2016,3,21,700,April,2016,Aggravated Assault,43013,AGG.ASSAULT-OTH DANG WEP/CTZEN ADLT 3RD DEGREE,No,No,No,1,1,5,4400,GRAVOIS,,,,,April2016.dta
-1.79769313486232e+308,-,U,450964,21mar2016,2016,3,21,700,April,2016,Aggravated Assault,41013,AGG.ASSAULT-FIREARM/CITIZEN ADULT 3RD DEGREE,No,No,No,1,1,5,4400,GRAVOIS,,,,,April2016.dta
575075.974386349,1012714.64180946,T,450981,24mar2016,2016,3,24,1741,April,2016,Larceny,64601,"LARCENY-FROM MTR VEH $500 - $24,999",No,No,No,1,4,66,1914,GRAND,,GRAND,,,April2016.dta
-1.79769313486232e+308,-,U,451084,31mar2016,2016,3,31,2024,April,2016,Sex Offenses,175500,SEX OFFNS-SX MISCONDUCT/FIRST,Yes,No,No,1,6,56,4000,ASHLAND AVE,,ASHLAND,,,April2016.dta
-1.79769313486232e+308,-,U,451189,01apr2016,2016,4,1,1918,April,2016,Frauds,112010,FRAUD-CREDIT DEVICE/OVER $150,Yes,No,No,1,0,0,65,CHESTERFIELD MALL,,SAINT LOUIS,AMERICAN EAGLE CHESTERFIELD,,April2016.dta
-1.79769313486232e+308,-,U,451284,02apr2016,2016,4,2,1445,April,2016,Sexual Assault,21000,RAPE -- FORCIBLE,Yes,No,No,1,2,15,4000,UTAH ST,,OLIVE,,,April2016.dta
-1.79769313486232e+308,-,U,451311,02apr2016,2016,4,2,1815,April,2016,Sex Offenses,178200,SEX OFFNS-EXPOSURE/EXPOSING PERSON,Yes,No,No,1,2,8,6700,DEVONSHIRE AVE,,DEVONSHIRE,,,April2016.dta
-1.79769313486232e+308,-,U,451697,05apr2016,2016,4,5,1800,April,2016,Other Offense,265321,LEAVING SCENE OF ACCIDENT,Yes,No,No,1,5,1,4051,FEDERER ST,,FEDERER,,,April2016.dta
-1.79769313486232e+308,-,U,452328,11apr2016,2016,4,11,130,April,2016,Sexual Assault,21000,RAPE -- FORCIBLE,Yes,No,No,1,4,59,3600,GARFIELD AVE,,,,,April2016.dta
-1.79769313486232e+308,-,U,452405,11apr2016,2016,4,11,1800,April,2016,Sex Offenses,178200,SEX OFFNS-EXPOSURE/EXPOSING PERSON,Yes,No,No,1,4,35,600,S 3RD ST,,3RD,,,April2016.dta
-1.79769313486232e+308,-,U,452409,11apr2016,2016,4,11,1830,April,2016,Sex Offenses,178200,SEX OFFNS-EXPOSURE/EXPOSING PERSON,Yes,No,No,1,4,35,600,S 1ST ST,,1ST,,,April2016.dta
-1.79769313486232e+308,-,U,452456,12apr2016,2016,4,12,1,April,2016,Sex Offenses,179210,SEX OFFNS-CHILD MOLESTATION-FIRST DEGREE,Yes,No,No,1,3,19,3200,WINNEBAGO ST,,WINNEBAGO,,,April2016.dta
-1.79769313486232e+308,-,U,453050,16apr2016,2016,4,16,1315,April,2016,Larceny,69702,LARCENY-ALL OTHER UNDER $500,Yes,No,No,1,0,4,500,S 8TH ST,,CERRE ST CITY,BUSCH STADIUM,,April2016.dta
-1.79769313486232e+308,-,U,453072,16apr2016,2016,4,16,1606,April,2016,Larceny,64601,"LARCENY-FROM MTR VEH $500 - $24,999",Yes,No,No,1,0,4,718,MEMORIAL DR,,,,,April2016.dta
-1.79769313486232e+308,-,U,453083,16apr2016,2016,4,16,1724,April,2016,Sex Offenses,178200,SEX OFFNS-EXPOSURE/EXPOSING PERSON,Yes,No,No,1,4,35,700,CONVENTION PZ,,CONVENTION,,@EDWARD JONES DOME,April2016.dta
-1.79769313486232e+308,-,U,453110,16apr2016,2016,4,16,2135,April,2016,Sex Offenses,178200,SEX OFFNS-EXPOSURE/EXPOSING PERSON,Yes,No,No,1,4,35,1200,LUCAS AVE,,LUCAS,,,April2016.dta
-1.79769313486232e+308,-,U,453124,16apr2016,2016,4,16,2320,April,2016,Aggravated Assault,43012,AGG.ASSAULT-OTH DANG WEP/CTZEN ADLT 2ND DEGREE,Yes,No,No,1,0,6,4200,ADELAIDE AVE,,ALICE,,,April2016.dta
-1.79769313486232e+308,-,U,453132,17apr2016,2016,4,17,15,April,2016,Sex Offenses,178200,SEX OFFNS-EXPOSURE/EXPOSING PERSON,Yes,No,No,1,4,35,600,CLARK AVE,,CLARK,@BALLPARK VILLAGE,@BALLPARK VILLAGE,April2016.dta
-1.79769313486232e+308,-,U,453135,17apr2016,2016,4,17,45,April,2016,Sexual Assault,21000,RAPE -- FORCIBLE,Yes,No,No,1,6,68,2000,E ADELAIDE AVE,,DE SOTO,,,April2016.dta
-1.79769313486232e+308,-,U,453205,17apr2016,2016,4,17,1615,April,2016,Sexual Assault,23000,RAPE-ATTEMPT FORCIBLE RAPE/FORCIBLE INCEST,Yes,No,No,1,3,18,2300,JUDITH CT,,BROADWAY,,,April2016.dta
-1.79769313486232e+308,-,U,453238,17apr2016,2016,4,17,2030,April,2016,Sexual Assault,21000,RAPE -- FORCIBLE,Yes,No,No,1,3,30,3200,OREGON AVE,,CALIFORNIA,,,April2016.dta
-1.79769313486232e+308,-,U,453376,19apr2016,2016,4,19,59,April,2016,Sex Offenses,175400,SEX OFFNS-SX MISCONDUCT/SECOND,Yes,No,No,1,4,35,300,CHESTNUT ST,,CHESTNUT,,@HOTEL- HYATT REGENCY,April2016.dta
-1.79769313486232e+308,-,U,453412,19apr2016,2016,4,19,1130,April,2016,Sex Offenses,175500,SEX OFFNS-SX MISCONDUCT/FIRST,Yes,No,No,1,2,12,5100,MCREE AVE,,MCREE,GATEWAY HIGH SCHOOL,@SCHOOL - GATEWAY HIGH,April2016.dta
-1.79769313486232e+308,-,U,453562,20apr2016,2016,4,20,1300,April,2016,Sex Offenses,178200,SEX OFFNS-EXPOSURE/EXPOSING PERSON,Yes,No,No,1,5,47,300,DE BALIVIERE AVE,,DE BALIVIERE,METROLINK INFORMATION BOOTH,ALIAS 250 DEBALIVIERE,April2016.dta
-1.79769313486232e+308,-,U,453698,21apr2016,2016,4,21,1840,April,2016,Sex Offenses,178200,SEX OFFNS-EXPOSURE/EXPOSING PERSON,Yes,No,No,1,4,37,3600,SCOTT AVE,,,METROLINK GRAND NORTH ELEVATOR,@METROLINK - GRAND,April2016.dta
-1.79769313486232e+308,-,U,453899,23apr2016,2016,4,23,1100,April,2016,Larceny,64701,LARCENY-FROM MTR VEH UNDER $500,Yes,No,No,1,0,0,2800,NORTH DR,,,,@TOWER GROVE PARK,April2016.dta
-1.79769313486232e+308,-,U,453950,23apr2016,2016,4,23,1800,April,2016,Sexual Assault,21000,RAPE -- FORCIBLE,Yes,No,No,1,1,1,700,BATES ST,,,,OFFENDER S RESIDENCE,April2016.dta
-1.79769313486232e+308,-,U,454206,25apr2016,2016,4,25,1845,April,2016,Sex Offenses,178200,SEX OFFNS-EXPOSURE/EXPOSING PERSON,Yes,No,No,1,0,4,1800,CLARK AVE,,,US POST OFFICE,,April2016.dta
-1.79769313486232e+308,-,U,454538,28apr2016,2016,4,28,1720,April,2016,Other Offense,265321,LEAVING SCENE OF ACCIDENT,Yes,No,No,1,4,1,4250,W GERMANIA ST,,,,,April2016.dta
573171.530744605,1004948.59286949,T,454823,17jan2016,2016,1,17,1806,May,2016,Robbery,36111,ROBBERY-COMMERCE PL/FIREARM USED/SUCCESS,Yes,No,No,1,2,15,3517,GRAND,,,,: @KENTUCKY FRIED CHICKEN - S GRAND,May2016.dta
573171.530744605,1004948.59286949,T,454824,17jan2016,2016,1,17,1806,May,2016,Homicide,10000,HOMICIDE,No,No,No,1,2,15,3517,GRAND,,,,: @KENTUCKY FRIED CHICKEN - S GRAND,May2016.dta
-1.79769313486232e+308,-,U,454855,09mar2016,2016,3,9,1630,May,2016,Sexual Assault,21000,RAPE -- FORCIBLE,Yes,No,No,1,3,19,3400,MINNESOTA AVE,,MINNESOTA,,,May2016.dta
-1.79769313486232e+308,-,U,454876,25mar2016,2016,3,25,1630,May,2016,Sexual Assault,21000,RAPE -- FORCIBLE,Yes,No,No,1,1,17,5000,MINNESOTA AVE,,MICHIGAN,,,May2016.dta
-1.79769313486232e+308,-,U,454957,19apr2016,2016,4,19,22,May,2016,Weapons,151140,WEAPONS-STATE VIOL/UNLWFL USE/DISCHARGING,No,No,No,1,4,59,2600,GRAND,,,,,May2016.dta
-1.79769313486232e+308,-,U,454978,21apr2016,2016,4,21,1800,May,2016,Sexual Assault,21000,RAPE -- FORCIBLE,Yes,No,No,1,5,53,800,AUBERT AVE,,AUBERT,,,May2016.dta
-1.79769313486232e+308,-,U,455012,25apr2016,2016,4,25,200,May,2016,Sex Offenses,176200,SEX OFFNS-SX ABUSE/2ND/VIC 12-13 OR INCAPACITA,Yes,No,No,1,4,36,1800,CHESTNUT ST,,JEFFERSON,ANTHEM BLUE CROSS/ BLUE SHIELD,,May2016.dta
-1.79769313486232e+308,-,U,455082,29apr2016,2016,4,29,1600,May,2016,Sexual Assault,21000,RAPE -- FORCIBLE,Yes,No,No,1,4,62,1000,COLE ST,,COLE,,,May2016.dta
-1.79769313486232e+308,-,U,455107,30apr2016,2016,4,30,1500,May,2016,Sexual Assault,21000,RAPE -- FORCIBLE,Yes,No,No,1,5,57,4300,KENNERLY AVE,,COTE BRILLIANTE,THE VILLE APARTMENTS,EXACT APARTMENT IS UNKNOWN,May2016.dta
-1.79769313486232e+308,-,U,455118,30apr2016,2016,4,30,2100,May,2016,Sexual Assault,21000,RAPE -- FORCIBLE,Yes,No,No,1,1,1,900,BATES ST,,BATES,,,May2016.dta
-1.79769313486232e+308,-,U,455170,01may2016,2016,5,1,1030,May,2016,Liquor Laws,229999,LIQUOR LAWS-OTHR UNSPEC LIQ OFFNSE,Yes,No,No,1,3,22,2100,ARSENAL,,,BENTON PARK,,May2016.dta
-1.79769313486232e+308,-,U,455995,07may2016,2016,5,7,2040,May,2016,Aggravated Assault,41021,AGG.ASSAULT-FIREARM/CITIZEN CHILD 1ST DEGREE,Yes,No,No,1,6,83,39,FAIRGROUND PARK,,,,,May2016.dta
-1.79769313486232e+308,-,U,455996,07may2016,2016,5,7,2040,May,2016,Aggravated Assault,41011,AGG.ASSAULT-FIREARM/CITIZEN ADULT 1ST DEGREE,Yes,No,No,1,6,83,39,FAIRGROUND PARK,,,,,May2016.dta
-1.79769313486232e+308,-,U,455997,07may2016,2016,5,7,2040,May,2016,Aggravated Assault,41021,AGG.ASSAULT-FIREARM/CITIZEN CHILD 1ST DEGREE,Yes,No,No,1,6,83,39,FAIRGROUND PARK,,,,,May2016.dta
-1.79769313486232e+308,-,U,456232,09may2016,2016,5,9,1530,May,2016,Sexual Assault,21000,RAPE -- FORCIBLE,Yes,No,No,1,5,51,1100,UNION BLVD,,CABANNE,,@LIBRARY- CABANNE BRANCH,May2016.dta
-1.79769313486232e+308,-,U,456272,09may2016,2016,5,9,2030,May,2016,Sexual Assault,21000,RAPE -- FORCIBLE,Yes,No,No,1,2,13,3200,SUBLETTE AVE,,OLIVE,,,May2016.dta
-1.79769313486232e+308,-,U,456306,10may2016,2016,5,10,145,May,2016,Sexual Assault,21000,RAPE -- FORCIBLE,Yes,No,No,1,6,76,5600,PAMPLIN AVE,,PAMPLIN,,,May2016.dta
-1.79769313486232e+308,-,U,456317,10may2016,2016,5,10,659,May,2016,Sex Offenses,175400,SEX OFFNS-SX MISCONDUCT/SECOND,Yes,No,No,1,5,50,1900,HODIAMONT AVE,,HODIAMONT,,STREET,May2016.dta
-1.79769313486232e+308,-,U,456596,12may2016,2016,5,12,1219,May,2016,Sex Offenses,178200,SEX OFFNS-EXPOSURE/EXPOSING PERSON,Yes,No,No,1,4,35,1200,ST CHARLES ST,,,,,May2016.dta
-1.79769313486232e+308,-,U,456735,13may2016,2016,5,13,1237,May,2016,Stolen Property,130000,"STOLEN PROPERTY-BUYING,RECEIVING,POSSESSING,ET",Yes,No,No,1,0,0,123,SPRING GARDEN,,,,,May2016.dta
-1.79769313486232e+308,-,U,457410,18may2016,2016,5,18,1550,May,2016,Sex Offenses,178200,SEX OFFNS-EXPOSURE/EXPOSING PERSON,Yes,No,No,1,4,35,400,S 8TH ST,,8TH,METRO LINK AGENCY,STADIUM METRO LINK STATION,May2016.dta
-1.79769313486232e+308,-,U,458395,26may2016,2016,5,26,359,May,2016,Sex Offenses,171300,SEX OFFNS-STATUATORY RAPE/SECOND,Yes,No,No,1,6,68,4300,CLARENCE AVE,,CLARENCE,,BLOCK,May2016.dta
-1.79769313486232e+308,-,U,458426,26may2016,2016,5,26,1100,May,2016,Sexual Assault,21000,RAPE -- FORCIBLE,Yes,No,No,1,6,76,6200,SHERRY AVE,,SHERRY,,,May2016.dta
-1.79769313486232e+308,-,U,458435,26may2016,2016,5,26,1253,May,2016,Sex Offenses,171300,SEX OFFNS-STATUATORY RAPE/SECOND,Yes,No,No,1,4,59,3100,CASS AVE,,CASS,WILLIAM J HARRISON CENTER,ST. LOUIS COMMUNITY COLLEGE,May2016.dta
-1.79769313486232e+308,-,U,458480,26may2016,2016,5,26,1800,May,2016,Sexual Assault,23000,RAPE-ATTEMPT FORCIBLE RAPE/FORCIBLE INCEST,Yes,No,No,1,5,50,3300,HAMILTON AVE,,HAMILTON,,,May2016.dta
-1.79769313486232e+308,-,U,458658,28may2016,2016,5,28,36,May,2016,Sex Offenses,178200,SEX OFFNS-EXPOSURE/EXPOSING PERSON,Yes,No,No,1,4,35,1000,ST CHARLES ST,,ST CHARLES,,,May2016.dta
-1.79769313486232e+308,-,U,458676,28may2016,2016,5,28,400,May,2016,Sexual Assault,21000,RAPE -- FORCIBLE,Yes,No,No,1,6,68,4400,CLARENCE AVE,,CLARENCE,,,May2016.dta
-1.79769313486232e+308,-,U,458854,29may2016,2016,5,29,1245,May,2016,Larceny,64601,"LARCENY-FROM MTR VEH $500 - $24,999",Yes,No,No,1,0,0,700,MEMORIAL DR,,,,,May2016.dta
-1.79769313486232e+308,-,U,458960,30may2016,2016,5,30,1141,May,2016,Sex Offenses,178200,SEX OFFNS-EXPOSURE/EXPOSING PERSON,Yes,No,No,1,4,36,1300,LOCUST ST,,,,,May2016.dta
-1.79769313486232e+308,-,U,458997,30may2016,2016,5,30,1850,May,2016,Other Assaults,91113,SIMPLE ASSAULT-ADULT/NO INJURY,Yes,No,No,1,2,39,4054,MANCHESTER,,,REHAB,,May2016.dta
588850.99239435,1015740.66691364,T,459193,06mar2016,2016,3,6,319,June,2016,Larceny,64601,"LARCENY-FROM MTR VEH $500 - $24,999",No,No,No,1,4,35,200,4TH,,4TH,@CROWNE PLAZA HOTEL,ON MEMORIAL DRIVE,June2016.dta
-1.79769313486232e+308,-,U,459261,24apr2016,2016,4,24,1500,June,2016,Sexual Assault,21000,RAPE -- FORCIBLE,Yes,No,No,1,3,24,2700,OREGON AVE,,GRAND,,,June2016.dta
587794.758176968,1013883.15646034,T,459266,27apr2016,2016,4,27,1355,June,2016,Larceny,69703,LARCENY-ALL OTH/FRM PRSN/UNDER $500,No,No,No,1,4,35,902,BROADWAY,,BROADWAY,,,June2016.dta
-1.79769313486232e+308,-,U,459331,16may2016,2016,5,16,2300,June,2016,Sexual Assault,21000,RAPE -- FORCIBLE,Yes,No,No,1,3,18,3600,MISSOURI AVE,,MISSOURI,,,June2016.dta
-1.79769313486232e+308,-,U,459420,28may2016,2016,5,28,1315,June,2016,Sex Offenses,178200,SEX OFFNS-EXPOSURE/EXPOSING PERSON,Yes,No,No,1,4,37,3600,SCOTT AVE,,SCOTT,GRAND METRO LINK PLATFORM,@METROLINK - GRAND,June2016.dta
-1.79769313486232e+308,-,U,459593,01jun2016,2016,6,1,1822,June,2016,Sex Offenses,178200,SEX OFFNS-EXPOSURE/EXPOSING PERSON,Yes,No,No,1,4,36,1400,LOCUST ST,,LOCUST,,@NEW LIFE EVNGLSTC CNTR,June2016.dta
-1.79769313486232e+308,-,U,459773,03jun2016,2016,6,3,931,June,2016,Sex Offenses,178200,SEX OFFNS-EXPOSURE/EXPOSING PERSON,Yes,No,No,1,6,55,4900,LABADIE AVE,,LABADIE,,,June2016.dta
-1.79769313486232e+308,-,U,460045,04jun2016,2016,6,4,2320,June,2016,Sexual Assault,21000,RAPE -- FORCIBLE,Yes,No,No,1,3,16,3400,KLOCKE ST,,KLOCKE,,2ND FLR,June2016.dta
-1.79769313486232e+308,-,U,460172,06jun2016,2016,6,6,1,June,2016,Sexual Assault,21000,RAPE -- FORCIBLE,Yes,No,No,1,6,68,4100,W PENROSE ST,,PENROSE,,,June2016.dta
-1.79769313486232e+308,-,U,460964,12jun2016,2016,6,12,22,June,2016,Other Offense,265321,LEAVING SCENE OF ACCIDENT,Yes,No,No,1,6,67,4510,E PRAIRIE AVE,,,,,June2016.dta
-1.79769313486232e+308,-,U,461108,13jun2016,2016,6,13,700,June,2016,Sex Offenses,178200,SEX OFFNS-EXPOSURE/EXPOSING PERSON,Yes,No,No,1,5,47,300,DE BALIVIERE AVE,,DE BALIVIERE,METROLINK PLATFORM,@METROLINK - FOREST PARK,June2016.dta
-1.79769313486232e+308,-,U,461450,15jun2016,2016,6,15,1223,June,2016,Sex Offenses,178200,SEX OFFNS-EXPOSURE/EXPOSING PERSON,Yes,No,No,1,4,36,1300,OLIVE ST,,OLIVE,,UNNAMED PARK BOUND BY 13TH AND 14TH,June2016.dta
-1.79769313486232e+308,-,U,461589,16jun2016,2016,6,16,1300,June,2016,Sex Offenses,178100,SEX OFFNS-EXPOSURE/LEWD&LACIV ACT,Yes,No,No,1,4,36,1300,OLIVE ST,,OLIVE,,@LIBRARY- CENTRAL LIBRARY,June2016.dta
-1.79769313486232e+308,-,U,461798,17jun2016,2016,6,17,2252,June,2016,Sex Offenses,178200,SEX OFFNS-EXPOSURE/EXPOSING PERSON,Yes,No,No,1,4,36,1300,LOCUST ST,,LOCUST,,NEAR LUCAS PARK,June2016.dta
-1.79769313486232e+308,-,U,461854,18jun2016,2016,6,18,1130,June,2016,Sexual Assault,21000,RAPE -- FORCIBLE,Yes,No,No,1,2,14,4900,OLEATHA AVE,,OLEATHA,,,June2016.dta
-1.79769313486232e+308,-,U,461879,18jun2016,2016,6,18,1400,June,2016,Larceny,67701,LARCENY-FROM BUILDING UNDER $500,Yes,No,No,1,5,38,1,BARNES JEWISH HOSPITAL PLZ,,,BARNES JEWISH HOSPITAL,,June2016.dta
-1.79769313486232e+308,-,U,461905,18jun2016,2016,6,18,1800,June,2016,Sex Offenses,171300,SEX OFFNS-STATUATORY RAPE/SECOND,Yes,No,No,1,3,30,3100,TEXAS AVE,,TEXAS,,,June2016.dta
-1.79769313486232e+308,-,U,461923,18jun2016,2016,6,18,1905,June,2016,Sex Offenses,178200,SEX OFFNS-EXPOSURE/EXPOSING PERSON,Yes,No,No,1,4,36,1400,OLIVE ST,,,,,June2016.dta
-1.79769313486232e+308,-,U,462127,20jun2016,2016,6,20,525,June,2016,Sexual Assault,23000,RAPE-ATTEMPT FORCIBLE RAPE/FORCIBLE INCEST,Yes,No,No,1,2,44,1400,KRAFT ST,,KRAFT,,,June2016.dta
-1.79769313486232e+308,-,U,463024,27jun2016,2016,6,27,130,June,2016,Sexual Assault,21000,RAPE -- FORCIBLE,Yes,No,No,1,1,1,5300,VIRGINIA AVE,,BATES,FAMILY DOLLAR,REAR PARKING LOT,June2016.dta
-1.79769313486232e+308,-,U,463261,29jun2016,2016,6,29,138,June,2016,Sex Offenses,178200,SEX OFFNS-EXPOSURE/EXPOSING PERSON,Yes,No,No,1,3,22,1900,UTAH ST,,UTAH,,,June2016.dta
-1.79769313486232e+308,-,U,463464,01feb2016,2016,2,1,1,July,2016,Sexual Assault,21000,RAPE -- FORCIBLE,Yes,No,No,1,6,72,5800,THEODORE AVE,,THEODORE,,,July2016.dta
-1.79769313486232e+308,-,U,463555,01jun2016,2016,6,1,1,July,2016,Sexual Assault,21000,RAPE -- FORCIBLE,Yes,No,No,1,3,16,3500,MONTANA ST,,MONTANA,,,July2016.dta
-1.79769313486232e+308,-,U,463560,02jun2016,2016,6,2,1300,July,2016,Sex Offenses,179210,SEX OFFNS-CHILD MOLESTATION-FIRST DEGREE,No,No,No,1,3,19,3400,IOWA,,OLIVE,,,July2016.dta
-1.79769313486232e+308,-,U,463568,08jun2016,2016,6,8,1,July,2016,Sex Offenses,179210,SEX OFFNS-CHILD MOLESTATION-FIRST DEGREE,Yes,No,No,1,5,54,4500,ENRIGHT AVE,,ENRIGHT,,,July2016.dta
-1.79769313486232e+308,-,U,463645,24jun2016,2016,6,24,1350,July,2016,Other Offense,265321,LEAVING SCENE OF ACCIDENT,No,No,No,1,4,59,2833,PRAIRIE,,,,,July2016.dta
-1.79769313486232e+308,-,U,463861,01jul2016,2016,7,1,1645,July,2016,Sex Offenses,178200,SEX OFFNS-EXPOSURE/EXPOSING PERSON,Yes,No,No,1,4,37,3600,SCOTT AVE,,SCOTT,GRAND METRO LINK STATION,METRO LINK,July2016.dta
-1.79769313486232e+308,-,U,463881,01jul2016,2016,7,1,1856,July,2016,Sex Offenses,178200,SEX OFFNS-EXPOSURE/EXPOSING PERSON,Yes,No,No,1,4,35,400,S 8TH ST,,,,@METROLINK - BUSCH STADIUM,July2016.dta
-1.79769313486232e+308,-,U,463959,02jul2016,2016,7,2,924,July,2016,Sex Offenses,178200,SEX OFFNS-EXPOSURE/EXPOSING PERSON,Yes,No,No,1,4,35,1100,WALNUT ST,,,,,July2016.dta
-1.79769313486232e+308,-,U,464099,03jul2016,2016,7,3,1054,July,2016,Sex Offenses,178200,SEX OFFNS-EXPOSURE/EXPOSING PERSON,Yes,No,No,1,4,36,200,N 17TH ST,,,7-11,,July2016.dta
-1.79769313486232e+308,-,U,464150,03jul2016,2016,7,3,1957,July,2016,Sex Offenses,178200,SEX OFFNS-EXPOSURE/EXPOSING PERSON,Yes,No,No,1,4,35,1200,OLIVE ST,,OLIVE,CHRIST CHURCH,,July2016.dta
-1.79769313486232e+308,-,U,464310,04jul2016,2016,7,4,1925,July,2016,Sex Offenses,178200,SEX OFFNS-EXPOSURE/EXPOSING PERSON,Yes,No,No,1,4,35,500,LOCUST ST,,LOCUST,,STREET/SIDEWALK,July2016.dta
-1.79769313486232e+308,-,U,464385,05jul2016,2016,7,5,200,July,2016,Sexual Assault,21000,RAPE -- FORCIBLE,Yes,No,No,1,6,74,900,RIVERVIEW BLVD,,RIVERVIEW,,,July2016.dta
-1.79769313486232e+308,-,U,464397,05jul2016,2016,7,5,300,July,2016,Sexual Assault,21000,RAPE -- FORCIBLE,Yes,No,No,1,4,77,3100,THOMAS ST,,,,,July2016.dta
-1.79769313486232e+308,-,U,464410,05jul2016,2016,7,5,950,July,2016,Sex Offenses,178200,SEX OFFNS-EXPOSURE/EXPOSING PERSON,Yes,No,No,1,4,35,1100,ST CHARLES ST,,ST CHARLES,,,July2016.dta
-1.79769313486232e+308,-,U,464587,06jul2016,2016,7,6,1912,July,2016,Other Offense,265321,LEAVING SCENE OF ACCIDENT,Yes,No,No,1,4,66,1400,E GRAND AVE,,,,,July2016.dta
-1.79769313486232e+308,-,U,464641,07jul2016,2016,7,7,125,July,2016,Sexual Assault,21000,RAPE -- FORCIBLE,Yes,No,No,1,5,78,6100,PAGE BLVD,,,DJ S PACKAGE LIQUOR,,July2016.dta
-1.79769313486232e+308,-,U,464790,08jul2016,2016,7,8,100,July,2016,Sexual Assault,21000,RAPE -- FORCIBLE,Yes,No,No,1,2,44,7000,BERTHOLD AVE,,BERTHOLD,,,July2016.dta
-1.79769313486232e+308,-,U,464813,08jul2016,2016,7,8,918,July,2016,Other Offense,265321,LEAVING SCENE OF ACCIDENT,Yes,No,No,1,0,0,10,HUNTLEIGH DOWNS ROAD,,GRAND,,,July2016.dta
-1.79769313486232e+308,-,U,465475,13jul2016,2016,7,13,100,July,2016,Sex Offenses,175500,SEX OFFNS-SX MISCONDUCT/FIRST,Yes,No,No,1,6,70,6000,MARGARETTA AVE,,,,,July2016.dta
-1.79769313486232e+308,-,U,465764,15jul2016,2016,7,15,700,July,2016,Other Offense,266510,PUBLIC ORDER-TRESPASSING,Yes,No,No,1,5,38,1,BARNES JEWISH PLZ,,,@BARNES JEWISH HOSPITAL,@BARNES JEWISH HOSPITAL,July2016.dta
-1.79769313486232e+308,-,U,466160,17jul2016,2016,7,17,2200,July,2016,Sexual Assault,21000,RAPE -- FORCIBLE,Yes,No,No,1,2,14,5800,FYLER AVE,,FYLER,,,July2016.dta
-1.79769313486232e+308,-,U,466363,19jul2016,2016,7,19,1425,July,2016,Other Offense,265321,LEAVING SCENE OF ACCIDENT,Yes,No,No,1,3,20,2700,S 7TH ST,,,,,July2016.dta
-1.79769313486232e+308,-,U,466475,20jul2016,2016,7,20,1210,July,2016,Criminal Damage,142320,DESTRUCTION OF PROPERTY-MALICIOUS/PRIV PROP,Yes,No,No,1,5,50,3340,SELBER CT,,,,,July2016.dta
-1.79769313486232e+308,-,U,466558,21jul2016,2016,7,21,100,July,2016,Robbery,31111,ROBBERY-HIGHWAY  /FIREARM USED/SUCCESSFUL,Yes,No,No,1,4,59,3800,PRAIRIE AVE,,GRAND,,FAIRGROUNDS PARK,July2016.dta
-1.79769313486232e+308,-,U,466646,21jul2016,2016,7,21,1935,July,2016,Sex Offenses,178200,SEX OFFNS-EXPOSURE/EXPOSING PERSON,Yes,No,No,1,4,35,300,CARR ST,,CARR,,,July2016.dta
-1.79769313486232e+308,-,U,466793,22jul2016,2016,7,22,2029,July,2016,Sex Offenses,178200,SEX OFFNS-EXPOSURE/EXPOSING PERSON,Yes,No,No,1,4,36,300,N 14TH ST,,,,@ PINE,July2016.dta
-1.79769313486232e+308,-,U,466964,24jul2016,2016,7,24,530,July,2016,Sexual Assault,21000,RAPE -- FORCIBLE,Yes,No,No,1,4,63,1400,WRIGHT ST,,WRIGHT,,,July2016.dta
-1.79769313486232e+308,-,U,467075,25jul2016,2016,7,25,1,July,2016,Sexual Assault,21000,RAPE -- FORCIBLE,Yes,No,No,1,4,36,1400,LOCUST ST,,LOCUST,NEW LIFE EVANGELISTIC CENTER,@NEW LIFE EVNGLSTC CNTR,July2016.dta
-1.79769313486232e+308,-,U,467254,26jul2016,2016,7,26,1430,July,2016,Sex Offenses,179210,SEX OFFNS-CHILD MOLESTATION-FIRST DEGREE,Yes,No,No,1,5,48,1300,HAMILTON AVE,,HAMILTON,,APT A,July2016.dta
-1.79769313486232e+308,-,U,467284,26jul2016,2016,7,26,1940,July,2016,Sex Offenses,178200,SEX OFFNS-EXPOSURE/EXPOSING PERSON,Yes,No,No,1,4,36,300,N 14TH ST,,,,,July2016.dta
-1.79769313486232e+308,-,U,467657,29jul2016,2016,7,29,1241,July,2016,Sex Offenses,178100,SEX OFFNS-EXPOSURE/LEWD&LACIV ACT,Yes,No,No,1,2,14,4900,PERNOD AVE,,,,,July2016.dta
-1.79769313486232e+308,-,U,467851,30jul2016,2016,7,30,2312,July,2016,Other Offense,265321,LEAVING SCENE OF ACCIDENT,Yes,No,No,1,6,74,8410,GIMBLIN ST,,,,,July2016.dta
-1.79769313486232e+308,-,U,467970,18jan2016,2016,1,18,837,August,2016,Aggravated Assault,41011,AGG.ASSAULT-FIREARM/CITIZEN ADULT 1ST DEGREE,No,No,No,1,4,59,3200,MARTIN LUTHER KING,,,,,August2016.dta
-1.79769313486232e+308,-,U,468126,04jul2016,2016,7,4,1900,August,2016,Sex Offenses,171200,SEX OFFNS-STATUATORY RAPE/FIRST,Yes,No,No,1,6,74,900,ELIAS AVE,,ELIAS,,,August2016.dta
-1.79769313486232e+308,-,U,468138,08jul2016,2016,7,8,1200,August,2016,Sexual Assault,21000,RAPE -- FORCIBLE,Yes,No,No,1,3,16,3800,IOWA AVE,,IOWA,,,August2016.dta
-1.79769313486232e+308,-,U,468173,14jul2016,2016,7,14,100,August,2016,Sexual Assault,21000,RAPE -- FORCIBLE,Yes,No,No,1,6,70,5900,DRESSELL AVE,,NATURAL BRIDGE,,,August2016.dta
-1.79769313486232e+308,-,U,468212,21jul2016,2016,7,21,1030,August,2016,Narcotics,182130,DRUGS-POSSESSION/HEROIN,Yes,No,No,1,1,1,227,ST. ROBERT BLVD,,OLIVE,MAINSTAY SUITES,,August2016.dta
-1.79769313486232e+308,-,U,468215,21jul2016,2016,7,21,1300,August,2016,Sex Offenses,171200,SEX OFFNS-STATUATORY RAPE/FIRST,Yes,No,No,1,6,74,900,ELIAS AVE,,ELIAS,,,August2016.dta
-1.79769313486232e+308,-,U,468276,27jul2016,2016,7,27,2200,August,2016,Sexual Assault,21000,RAPE -- FORCIBLE,Yes,No,No,1,5,50,5600,PALM ST,,PALM,,,August2016.dta
-1.79769313486232e+308,-,U,468709,02aug2016,2016,8,2,2000,August,2016,Sex Offenses,171300,SEX OFFNS-STATUATORY RAPE/SECOND,Yes,No,No,1,4,65,2200,BREMEN AVE,,22ND,,,August2016.dta
-1.79769313486232e+308,-,U,468937,04aug2016,2016,8,4,1300,August,2016,Sex Offenses,178200,SEX OFFNS-EXPOSURE/EXPOSING PERSON,Yes,No,No,1,4,35,600,MARKET ST,,WALNUT,THE OUTFIELD,,August2016.dta
-1.79769313486232e+308,-,U,469233,06aug2016,2016,8,6,1833,August,2016,Vagrancy,250000,LOITERING-BEGGING,Yes,No,No,1,3,22,1700,ARSENAL,,,,ALIAS ARSENAL/I 55 SB,August2016.dta
-1.79769313486232e+308,-,U,469344,07aug2016,2016,8,7,1155,August,2016,Sex Offenses,178200,SEX OFFNS-EXPOSURE/EXPOSING PERSON,Yes,No,No,1,4,36,1600,OLIVE ST,,,,,August2016.dta
-1.79769313486232e+308,-,U,469620,09aug2016,2016,8,9,1200,August,2016,Sexual Assault,21000,RAPE -- FORCIBLE,Yes,No,No,1,6,56,4400,LABADIE AVE,,LABADIE,,,August2016.dta
-1.79769313486232e+308,-,U,469934,11aug2016,2016,8,11,1715,August,2016,Sex Offenses,178200,SEX OFFNS-EXPOSURE/EXPOSING PERSON,Yes,No,No,1,4,36,1400,LOCUST ST,,LOCUST,,@NEW LIFE EVNGLSTC CNTR IN ALLEY,August2016.dta
-1.79769313486232e+308,-,U,470308,13aug2016,2016,8,13,2200,August,2016,Sexual Assault,21000,RAPE -- FORCIBLE,Yes,No,No,1,4,61,1500,N 20TH ST,,MELVIN E COLLINS,,,August2016.dta
-1.79769313486232e+308,-,U,470310,13aug2016,2016,8,13,2205,August,2016,Other Offense,266510,PUBLIC ORDER-TRESPASSING,Yes,No,No,1,4,35,420,S 8TH ST,,S EIGHTH,BUSCH STADIUM,,August2016.dta
-1.79769313486232e+308,-,U,470509,15aug2016,2016,8,15,1126,August,2016,Criminal Damage,142320,DESTRUCTION OF PROPERTY-MALICIOUS/PRIV PROP,Yes,No,No,1,1,6,7200,HAMPTON,,,,@PARK - WILLMORE,August2016.dta
-1.79769313486232e+308,-,U,470544,15aug2016,2016,8,15,1700,August,2016,Criminal Damage,142320,DESTRUCTION OF PROPERTY-MALICIOUS/PRIV PROP,Yes,No,No,1,4,35,1000,S 3RD ST,,,CONCRETE STRATEGIES JOB SITE,,August2016.dta
-1.79769313486232e+308,-,U,470834,17aug2016,2016,8,17,1600,August,2016,Sex Offenses,175400,SEX OFFNS-SX MISCONDUCT/SECOND,Yes,No,No,1,3,26,3100,ALLEN AVE,,JEFFERSON,,,August2016.dta
-1.79769313486232e+308,-,U,470952,18aug2016,2016,8,18,1552,August,2016,Other Offense,265321,LEAVING SCENE OF ACCIDENT,Yes,No,No,1,4,63,1502,BLAIR AVE,,,,,August2016.dta
-1.79769313486232e+308,-,U,470994,18aug2016,2016,8,18,2145,August,2016,Sex Offenses,179210,SEX OFFNS-CHILD MOLESTATION-FIRST DEGREE,Yes,No,No,1,5,38,4400,PENNSYLVANIA AVE,,KINGSHIGHWAY,,,August2016.dta
-1.79769313486232e+308,-,U,471121,19aug2016,2016,8,19,1915,August,2016,Sexual Assault,21000,RAPE -- FORCIBLE,Yes,No,No,1,3,21,700,LAFAYETTE AVE,,LAFAYETTE,,,August2016.dta
-1.79769313486232e+308,-,U,471231,20aug2016,2016,8,20,1401,August,2016,Sex Offenses,178200,SEX OFFNS-EXPOSURE/EXPOSING PERSON,Yes,No,No,1,4,36,200,N 17TH ST,,,7-11,REAR,August2016.dta
-1.79769313486232e+308,-,U,471845,24aug2016,2016,8,24,1845,August,2016,Sex Offenses,178200,SEX OFFNS-EXPOSURE/EXPOSING PERSON,Yes,No,No,1,4,35,100,N 6TH ST,,6TH,,,August2016.dta
-1.79769313486232e+308,-,U,471999,25aug2016,2016,8,25,1940,August,2016,Sex Offenses,178200,SEX OFFNS-EXPOSURE/EXPOSING PERSON,Yes,No,No,1,4,36,1400,PINE ST,,PINE,,PARK,August2016.dta
-1.79769313486232e+308,-,U,472201,27aug2016,2016,8,27,130,August,2016,Sexual Assault,21000,RAPE -- FORCIBLE,Yes,No,No,1,2,13,2000,MAURY AVE,,MAURY,,APT 1N,August2016.dta
-1.79769313486232e+308,-,U,472433,28aug2016,2016,8,28,1635,August,2016,Sexual Assault,23000,RAPE-ATTEMPT FORCIBLE RAPE/FORCIBLE INCEST,Yes,No,No,1,6,71,4600,EMERSON AVE,,,,,August2016.dta
-1.79769313486232e+308,-,U,472493,29aug2016,2016,8,29,210,August,2016,Sexual Assault,21000,RAPE -- FORCIBLE,Yes,No,No,1,4,77,3300,FRANKLIN AVE,,FRANKLIN,,,August2016.dta
-1.79769313486232e+308,-,U,472673,30aug2016,2016,8,30,1415,August,2016,Other Offense,265321,LEAVING SCENE OF ACCIDENT,Yes,No,No,1,6,70,5400,I 70 WESTBOUND,,,,ALIAS I 70 WB/BIRCHER,August2016.dta
-1.79769313486232e+308,-,U,472683,30aug2016,2016,8,30,1530,August,2016,Sexual Assault,21000,RAPE -- FORCIBLE,Yes,No,No,1,3,24,2600,TEXAS AVE,,GRAVOIS,,,August2016.dta
-1.79769313486232e+308,-,U,472789,31aug2016,2016,8,31,1135,August,2016,Sex Offenses,178200,SEX OFFNS-EXPOSURE/EXPOSING PERSON,Yes,No,No,1,4,35,700,N 11TH ST,,,,IN THE REAR,August2016.dta
-1.79769313486232e+308,-,U,472802,31aug2016,2016,8,31,1402,August,2016,Sex Offenses,178200,SEX OFFNS-EXPOSURE/EXPOSING PERSON,Yes,No,No,1,3,20,1900,S 7TH ST,,7TH,,,August2016.dta
-1.79769313486232e+308,-,U,472878,01mar2016,2016,3,1,1,September,2016,Sexual Assault,21000,RAPE -- FORCIBLE,Yes,No,No,1,2,15,3600,HYDRAULIC AVE,,HYDRAULIC,,,September2016.dta
-1.79769313486232e+308,-,U,472883,31mar2016,2016,3,31,1138,September,2016,Aggravated Assault,42203,AGG.ASSAULT-KNIFE/POLICE OFFICER 3RD DEGREE,No,No,No,1,5,38,4970,MCPHERSON,,,,,September2016.dta
-1.79769313486232e+308,-,U,473822,05sep2016,2016,9,5,1500,September,2016,Sexual Assault,23000,RAPE-ATTEMPT FORCIBLE RAPE/FORCIBLE INCEST,Yes,No,No,1,5,48,5700,CHAMBERLAIN AVE,,VERNON,,,September2016.dta
-1.79769313486232e+308,-,U,473825,05sep2016,2016,9,5,1500,September,2016,Sexual Assault,23000,RAPE-ATTEMPT FORCIBLE RAPE/FORCIBLE INCEST,Yes,No,No,1,5,48,5700,CHAMBERLAIN AVE,,VERNON,,,September2016.dta
-1.79769313486232e+308,-,U,473979,06sep2016,2016,9,6,1745,September,2016,Sexual Assault,21000,RAPE -- FORCIBLE,Yes,No,No,1,6,69,4600,KORTE AVE,,KORTE,,,September2016.dta
-1.79769313486232e+308,-,U,474277,08sep2016,2016,9,8,2000,September,2016,Sexual Assault,23000,RAPE-ATTEMPT FORCIBLE RAPE/FORCIBLE INCEST,Yes,No,No,1,4,64,200,CASS AVE,,CASS,,,September2016.dta
-1.79769313486232e+308,-,U,474342,09sep2016,2016,9,9,1330,September,2016,Sex Offenses,178200,SEX OFFNS-EXPOSURE/EXPOSING PERSON,Yes,No,No,1,5,48,700,HODIAMONT AVE,,HODIAMONT,DELMAR METROLINK PLATFORM,@METROLINK - DELMAR,September2016.dta
-1.79769313486232e+308,-,U,475244,16sep2016,2016,9,16,25,September,2016,Narcotics,182130,DRUGS-POSSESSION/HEROIN,Yes,No,No,1,4,64,98,OFALLON,,,,,September2016.dta
-1.79769313486232e+308,-,U,475511,17sep2016,2016,9,17,2205,September,2016,Sex Offenses,178200,SEX OFFNS-EXPOSURE/EXPOSING PERSON,Yes,No,No,1,4,36,1300,LUCAS AVE,,LUCAS,,NEXT TO A DUMPSTER,September2016.dta
-1.79769313486232e+308,-,U,475583,18sep2016,2016,9,18,1125,September,2016,Sex Offenses,178200,SEX OFFNS-EXPOSURE/EXPOSING PERSON,Yes,No,No,1,4,36,1400,LOCUST ST,,LOCUST,,,September2016.dta
-1.79769313486232e+308,-,U,476222,23sep2016,2016,9,23,902,September,2016,Sex Offenses,178200,SEX OFFNS-EXPOSURE/EXPOSING PERSON,Yes,No,No,1,4,35,1000,ST CHARLES ST,,,,,September2016.dta
-1.79769313486232e+308,-,U,476405,24sep2016,2016,9,24,1700,September,2016,Sexual Assault,21000,RAPE -- FORCIBLE,Yes,No,No,1,1,7,5000,DELOR ST,,DELOR,,,September2016.dta
-1.79769313486232e+308,-,U,476916,28sep2016,2016,9,28,1459,September,2016,Sex Offenses,178200,SEX OFFNS-EXPOSURE/EXPOSING PERSON,Yes,No,No,1,4,36,300,N 15TH ST,,LOCUST,,@NEW LIFE EVNGLSTC CNTR,September2016.dta
-1.79769313486232e+308,-,U,476945,28sep2016,2016,9,28,1820,September,2016,Sexual Assault,21000,RAPE -- FORCIBLE,Yes,No,No,1,6,71,4600,QUEENS AVE,,BITTNER,,,September2016.dta
-1.79769313486232e+308,-,U,476971,28sep2016,2016,9,28,2134,September,2016,Sex Offenses,178200,SEX OFFNS-EXPOSURE/EXPOSING PERSON,Yes,No,No,1,5,47,300,DE BALIVIERE AVE,,DE BALIVIERE,DEBALAVIERE METRO LINK STATION,METRO LINK PLATFORM,September2016.dta
-1.79769313486232e+308,-,U,477098,29sep2016,2016,9,29,2240,September,2016,Sex Offenses,178200,SEX OFFNS-EXPOSURE/EXPOSING PERSON,Yes,No,No,1,5,47,300,DE BALIVIERE AVE,,DE BALIVIERE,FOREST PARK METROLINK PLATFORM,@METROLINK - FOREST PARK,September2016.dta
-1.79769313486232e+308,-,U,477176,30sep2016,2016,9,30,1840,September,2016,Sex Offenses,178200,SEX OFFNS-EXPOSURE/EXPOSING PERSON,Yes,No,No,1,4,36,1200,SPRUCE ST,,SPRUCE,,@COMM BLDG,September2016.dta
-1.79769313486232e+308,-,U,477218,24apr2016,2016,4,24,1900,October,2016,Aggravated Assault,41011,AGG.ASSAULT-FIREARM/CITIZEN ADULT 1ST DEGREE,Yes,No,No,1,1,80,3675,LOUGHBOROUGH,,,CARONDELET PARK,,October2016.dta
-1.79769313486232e+308,-,U,477219,24apr2016,2016,4,24,1900,October,2016,Aggravated Assault,41014,ASSLT-AGGRAV-FIREARM-1ST-ADULT-DOMESTIC,Yes,No,No,1,1,80,3675,LOUGHBOROUGH,,,CARONDELET PARK,,October2016.dta
-1.79769313486232e+308,-,U,477220,24apr2016,2016,4,24,1900,October,2016,Aggravated Assault,41014,ASSLT-AGGRAV-FIREARM-1ST-ADULT-DOMESTIC,No,No,No,1,1,80,3675,LOUGHBOROUGH,,,CARONDELET PARK,,October2016.dta
-1.79769313486232e+308,-,U,477225,01may2016,2016,5,1,1,October,2016,Frauds,115400,STLG BY DECEIT/IDENTITY THEFT REPORT,Yes,No,No,1,5,50,5503,HODIAMONT,,LABADIE,,,October2016.dta
585863.586038008,1010905.52544041,T,477227,04may2016,2016,5,4,1748,October,2016,Weapons,151110,WEAPONS-STATE VIOL/UNLWFL USE/POSSESSION,No,No,No,1,4,64,1615,BROADWAY,,BROADWAY,,,October2016.dta
-1.79769313486232e+308,-,U,477263,25jul2016,2016,7,25,1357,October,2016,Other Assaults,92000,SIMPLE ASSAULT-HARRASSMENT,No,No,No,1,5,51,5250,PAGE,,,,: @PARK- MARIE W FOWLER,October2016.dta
-1.79769313486232e+308,-,U,477320,20aug2016,2016,8,20,1334,October,2016,Frauds,115400,STLG BY DECEIT/IDENTITY THEFT REPORT,Yes,No,No,1,4,59,919,N JEFFERSON,,JEFFERSON,,,October2016.dta
",PointAddress,1641 S JEFFERSON,477375,02sep2016,2016,9,2,2000,October,2016,Other Offense,266999,PUBLIC ORDER-OTHR UNSPC PBLC ORDER VIOLATION,Yes,No,No,1,3,31,1641,S JEFFERSON,,S JEFFERSON,,,0,0,October2016.dta,1641 S JEFFERSON",,,,,,,,,,,,,,,,,,,,,,,,,,
",PointAddress,1641 S JEFFERSON,477444,22sep2016,2016,9,22,1219,October,2016,Other Offense,266999,PUBLIC ORDER-OTHR UNSPC PBLC ORDER VIOLATION,Yes,No,No,1,3,31,1641,S JEFFERSON,,S JEFFERSON,,,0,0,October2016.dta,1641 S JEFFERSON",,,,,,,,,,,,,,,,,,,,,,,,,,
-1.79769313486232e+308,-,U,477454,23sep2016,2016,9,23,2230,October,2016,Sexual Assault,23000,RAPE-ATTEMPT FORCIBLE RAPE/FORCIBLE INCEST,Yes,No,No,1,3,16,3800,VIRGINIA AVE,,VIRGINIA,,,October2016.dta
-1.79769313486232e+308,-,U,477459,24sep2016,2016,9,24,2226,October,2016,Sexual Assault,21000,RAPE -- FORCIBLE,Yes,No,No,1,6,69,4800,BESSIE AVE,,BESSIE,,,October2016.dta
-1.79769313486232e+308,-,U,477525,29sep2016,2016,9,29,1500,October,2016,Sexual Assault,21000,RAPE -- FORCIBLE,Yes,No,No,1,2,9,3600,CHILDRESS AVE,,CHILDRESS,,,October2016.dta
-1.79769313486232e+308,-,U,477555,30sep2016,2016,9,30,1600,October,2016,Sex Offenses,171300,SEX OFFNS-STATUATORY RAPE/SECOND,Yes,No,No,1,5,58,4100,C D BANKS AVE,,C D BANKS,,,October2016.dta
-1.79769313486232e+308,-,U,477644,01oct2016,2016,10,1,1200,October,2016,Sexual Assault,21000,RAPE -- FORCIBLE,Yes,No,No,1,6,69,4500,LEE AVE,,LEE,,,October2016.dta
-1.79769313486232e+308,-,U,477694,01oct2016,2016,10,1,1845,October,2016,Robbery,31111,ROBBERY-HIGHWAY  /FIREARM USED/SUCCESSFUL,Yes,No,No,1,3,22,3100,INDIANA,,,,,October2016.dta
-1.79769313486232e+308,-,U,477731,01oct2016,2016,10,1,2230,October,2016,Sex Offenses,171300,SEX OFFNS-STATUATORY RAPE/SECOND,Yes,No,No,1,4,35,300,CHESTNUT ST,,CASS,,@HOTEL- HYATT REGENCY 18TH FLOOR,October2016.dta
-1.79769313486232e+308,-,U,478017,04oct2016,2016,10,4,1,October,2016,Other Assaults,91114,"ASSAULT, ADULT, AGE 17 AND UP-DOMESTIC",Yes,No,No,1,6,71,5076,LILLIAN,,,,,October2016.dta
-1.79769313486232e+308,-,U,478475,07oct2016,2016,10,7,850,October,2016,Sex Offenses,178100,SEX OFFNS-EXPOSURE/LEWD&LACIV ACT,Yes,No,No,1,4,36,1200,PINE ST,,PINE,SAINT LOUIS ART,,October2016.dta
-1.79769313486232e+308,-,U,478577,07oct2016,2016,10,7,2300,October,2016,Sex Offenses,175400,SEX OFFNS-SX MISCONDUCT/SECOND,Yes,No,No,1,4,67,4000,PLEASANT ST,,PLEASANT,,,October2016.dta
-1.79769313486232e+308,-,U,478595,08oct2016,2016,10,8,45,October,2016,Sexual Assault,23000,RAPE-ATTEMPT FORCIBLE RAPE/FORCIBLE INCEST,Yes,No,No,1,6,72,5600,W FLORISSANT AVE,,,,,October2016.dta
-1.79769313486232e+308,-,U,478728,09oct2016,2016,10,9,700,October,2016,Sexual Assault,21000,RAPE -- FORCIBLE,Yes,No,No,1,6,71,5000,ARLINGTON AVE,,ARLINGTON,,,October2016.dta
-1.79769313486232e+308,-,U,478869,10oct2016,2016,10,10,1100,October,2016,Sex Offenses,175400,SEX OFFNS-SX MISCONDUCT/SECOND,Yes,No,No,1,4,59,3800,NATURAL BRIDGE AVE,,NATURAL BRIDGE,BEAUMONT HIGH SCHOOL,@BEAUMONT HIGH SCHOOL,October2016.dta
-1.79769313486232e+308,-,U,478879,10oct2016,2016,10,10,1330,October,2016,Sexual Assault,21000,RAPE -- FORCIBLE,Yes,No,No,1,1,16,3300,DELOR ST,,DELOR,,,October2016.dta
-1.79769313486232e+308,-,U,478923,10oct2016,2016,10,10,1900,October,2016,Sex Offenses,175500,SEX OFFNS-SX MISCONDUCT/FIRST,Yes,No,No,1,4,36,100,N 17TH ST,,17TH,,,October2016.dta
-1.79769313486232e+308,-,U,478939,10oct2016,2016,10,10,2109,October,2016,Sex Offenses,178200,SEX OFFNS-EXPOSURE/EXPOSING PERSON,Yes,No,No,1,4,36,1400,LOCUST ST,,LOCUST,,,October2016.dta
-1.79769313486232e+308,-,U,479397,14oct2016,2016,10,14,1334,October,2016,Sex Offenses,178200,SEX OFFNS-EXPOSURE/EXPOSING PERSON,Yes,No,No,1,2,13,1900,S VANDEVENTER AVE,,,,,October2016.dta
-1.79769313486232e+308,-,U,479636,16oct2016,2016,10,16,38,October,2016,Other Assaults,91113,SIMPLE ASSAULT-ADULT/NO INJURY,Yes,No,No,1,4,37,3676,SPRUCE ST,,MARKET,,,October2016.dta
-1.79769313486232e+308,-,U,479767,17oct2016,2016,10,17,134,October,2016,Sexual Assault,21000,RAPE -- FORCIBLE,Yes,No,No,1,4,61,1400,CARR ST,,LOCUST,CARR SCHOOL,,October2016.dta
-1.79769313486232e+308,-,U,479910,18oct2016,2016,10,18,745,October,2016,Sex Offenses,175400,SEX OFFNS-SX MISCONDUCT/SECOND,Yes,No,No,1,2,82,5100,WEST PINE BLVD,,,,FOREST PARK,October2016.dta
-1.79769313486232e+308,-,U,479979,18oct2016,2016,10,18,1615,October,2016,Sex Offenses,175400,SEX OFFNS-SX MISCONDUCT/SECOND,Yes,No,No,1,4,77,3600,COOK AVE,,COOK,,,October2016.dta
-1.79769313486232e+308,-,U,480224,20oct2016,2016,10,20,1541,October,2016,Sex Offenses,178200,SEX OFFNS-EXPOSURE/EXPOSING PERSON,Yes,No,No,1,4,36,1600,OLIVE ST,,,,REAR,October2016.dta
-1.79769313486232e+308,-,U,480321,21oct2016,2016,10,21,908,October,2016,Other Offense,265321,LEAVING SCENE OF ACCIDENT,Yes,No,No,1,6,75,11194,RIVERVIEW DR,,,,,October2016.dta
-1.79769313486232e+308,-,U,480693,24oct2016,2016,10,24,215,October,2016,Sex Offenses,175500,SEX OFFNS-SX MISCONDUCT/FIRST,Yes,No,No,1,6,70,4000,UNION BLVD,,UNION,,NORTH PATROL DIVISION,October2016.dta
-1.79769313486232e+308,-,U,480784,24oct2016,2016,10,24,1922,October,2016,Sex Offenses,178200,SEX OFFNS-EXPOSURE/EXPOSING PERSON,Yes,No,No,1,4,36,300,N 15TH ST,,15TH,,,October2016.dta
-1.79769313486232e+308,-,U,481038,26oct2016,2016,10,26,1700,October,2016,Sexual Assault,21000,RAPE -- FORCIBLE,Yes,No,No,1,5,55,4900,LOTUS AVE,,KINGSHIGHWAY,,,October2016.dta
-1.79769313486232e+308,-,U,481097,26oct2016,2016,10,26,2200,October,2016,Sexual Assault,21000,RAPE -- FORCIBLE,Yes,No,No,1,2,15,3700,S SPRING AVE,,GRAND,,,October2016.dta
-1.79769313486232e+308,-,U,481425,29oct2016,2016,10,29,1355,October,2016,Sex Offenses,178200,SEX OFFNS-EXPOSURE/EXPOSING PERSON,Yes,No,No,1,2,13,5100,ARSENAL ST,,ARSENAL,,@SCHNUCKS - ARSENAL,October2016.dta
-1.79769313486232e+308,-,U,481461,29oct2016,2016,10,29,1750,October,2016,Sexual Assault,23000,RAPE-ATTEMPT FORCIBLE RAPE/FORCIBLE INCEST,Yes,No,No,1,6,67,4100,OBEAR AVE,,OBEAR,,,October2016.dta
-1.79769313486232e+308,-,U,481468,29oct2016,2016,10,29,1826,October,2016,Aggravated Assault,41011,AGG.ASSAULT-FIREARM/CITIZEN ADULT 1ST DEGREE,Yes,No,No,1,6,64,4953,HALL ST,,,,,October2016.dta
-1.79769313486232e+308,-,U,481469,29oct2016,2016,10,29,1826,October,2016,Aggravated Assault,41011,AGG.ASSAULT-FIREARM/CITIZEN ADULT 1ST DEGREE,Yes,No,No,1,6,64,4953,HALL ST,,,,,October2016.dta
-1.79769313486232e+308,-,U,481744,03feb2016,2016,2,3,2330,November,2016,Sexual Assault,21000,RAPE -- FORCIBLE,Yes,No,No,1,4,36,700,SHENANDOAH AVE,,SHENANDOAH,,,November2016.dta
-1.79769313486232e+308,-,U,481746,01mar2016,2016,3,1,2007,November,2016,Sex Offenses,171300,SEX OFFNS-STATUATORY RAPE/SECOND,Yes,No,No,1,2,15,4200,MCDONALD AVE,,MCDONALD,,,November2016.dta
-1.79769313486232e+308,-,U,481775,29jul2016,2016,7,29,1334,November,2016,Sexual Assault,21000,RAPE -- FORCIBLE,No,No,No,1,3,18,3800,MISSOURI,,MISSOURI,,,November2016.dta
574674.171264037,1015204.61532826,T,481782,02aug2016,2016,8,2,1700,November,2016,Other Assaults,92000,SIMPLE ASSAULT-HARRASSMENT,No,No,No,1,4,59,1415,GRAND,,GRAND,CHECK N GO,,November2016.dta
-1.79769313486232e+308,-,U,481825,21sep2016,2016,9,21,1100,November,2016,Sexual Assault,21000,RAPE -- FORCIBLE,Yes,No,No,1,6,76,5900,SHULTE AVE,,SHULTE,,,November2016.dta
-1.79769313486232e+308,-,U,481829,23sep2016,2016,9,23,1530,November,2016,Sexual Assault,21000,RAPE -- FORCIBLE,Yes,No,No,1,3,32,2200,RUTGER ST,,RUTGER,,,November2016.dta
-1.79769313486232e+308,-,U,481856,07oct2016,2016,10,7,1300,November,2016,Stolen Property,130000,"STOLEN PROPERTY-BUYING,RECEIVING,POSSESSING,ET",Yes,No,No,1,0,0,10130,CLAIRMONT,,CLARA MOUNT,,ST LOUIS COUNTY,November2016.dta
-1.79769313486232e+308,-,U,482243,02nov2016,2016,11,2,11,November,2016,Sex Offenses,175400,SEX OFFNS-SX MISCONDUCT/SECOND,Yes,No,No,1,4,37,3000,LACLEDE AVE,,LACLEDE,HARRIS STOWE UNIVERSITY,,November2016.dta
-1.79769313486232e+308,-,U,482413,03nov2016,2016,11,3,1100,November,2016,Sexual Assault,21000,RAPE -- FORCIBLE,Yes,No,No,1,1,1,7800,GERMANIA ST,,CLAYTON,,,November2016.dta
-1.79769313486232e+308,-,U,482670,05nov2016,2016,11,5,230,November,2016,Sexual Assault,21000,RAPE -- FORCIBLE,Yes,No,No,1,3,21,900,LAMI ST,,LAMI,,MULTI-FAMILY APARTMENT BUILDING,November2016.dta
-1.79769313486232e+308,-,U,482853,06nov2016,2016,11,6,1407,November,2016,Sex Offenses,175500,SEX OFFNS-SX MISCONDUCT/FIRST,Yes,No,No,1,3,18,3500,WISCONSIN AVE,,,,,November2016.dta
-1.79769313486232e+308,-,U,482871,06nov2016,2016,11,6,1852,November,2016,Sex Offenses,178200,SEX OFFNS-EXPOSURE/EXPOSING PERSON,Yes,No,No,1,4,36,1300,LOCUST ST,,LOCUST,,NEAR PARK,November2016.dta
-1.79769313486232e+308,-,U,483540,12nov2016,2016,11,12,500,November,2016,Sex Offenses,176200,SEX OFFNS-SX ABUSE/2ND/VIC 12-13 OR INCAPACITA,Yes,No,No,1,1,16,3900,KINGSLAND CT,,KINGSLAND,,,November2016.dta
-1.79769313486232e+308,-,U,483681,13nov2016,2016,11,13,310,November,2016,Sex Offenses,178200,SEX OFFNS-EXPOSURE/EXPOSING PERSON,Yes,No,No,1,4,35,500,N TUCKER BLVD,,TUCKER,MERIDIAN BUILDING,,November2016.dta
-1.79769313486232e+308,-,U,483864,14nov2016,2016,11,14,1552,November,2016,Sex Offenses,178100,SEX OFFNS-EXPOSURE/LEWD&LACIV ACT,Yes,No,No,1,1,1,500,BELLERIVE BLVD,,BELLERIVE,,,November2016.dta
-1.79769313486232e+308,-,U,483925,15nov2016,2016,11,15,1,November,2016,Sexual Assault,21000,RAPE -- FORCIBLE,Yes,No,No,1,4,77,3600,PAGE BLVD,,HAMILTON,,@EBONY MOTEL,November2016.dta
-1.79769313486232e+308,-,U,484241,17nov2016,2016,11,17,1325,November,2016,Sex Offenses,178200,SEX OFFNS-EXPOSURE/EXPOSING PERSON,Yes,No,No,1,4,36,1400,LOCUST ST,,CARR,,@NEW LIFE EVNGLSTC CNTR,November2016.dta
-1.79769313486232e+308,-,U,484267,17nov2016,2016,11,17,1709,November,2016,Sex Offenses,178200,SEX OFFNS-EXPOSURE/EXPOSING PERSON,Yes,No,No,1,5,47,300,DE BALIVIERE AVE,,DE BALIVIERE,METROLINK FOREST PARK TRAIN PLATFOR,@METROLINK - FOREST PARK,November2016.dta
-1.79769313486232e+308,-,U,484535,20nov2016,2016,11,20,125,November,2016,Sexual Assault,21000,RAPE -- FORCIBLE,Yes,No,No,1,1,1,7900,BANDERO DR,,,,,November2016.dta
-1.79769313486232e+308,-,U,484537,20nov2016,2016,11,20,130,November,2016,Sexual Assault,21000,RAPE -- FORCIBLE,Yes,No,No,1,6,71,5400,CLAXTON AVE,,CLAXTON,,,November2016.dta
-1.79769313486232e+308,-,U,484639,20nov2016,2016,11,20,2230,November,2016,Aggravated Assault,44013,"AGG.ASSAULT-HNDS,FST,FEET/CTZEN ADLT 3RD DEGRE",Yes,No,No,1,1,80,6500,HOLLY HILLS DR,,HOLLY HILLS,,IN CARONDELET PARK NEAR RECYCLING AR,November2016.dta
-1.79769313486232e+308,-,U,484862,23nov2016,2016,11,23,10,November,2016,Other Offense,265321,LEAVING SCENE OF ACCIDENT,Yes,No,No,1,3,18,3200,I-55 NORTHBOUND,,,,,November2016.dta
-1.79769313486232e+308,-,U,484987,24nov2016,2016,11,24,1429,November,2016,Sexual Assault,21000,RAPE -- FORCIBLE,Yes,No,No,1,6,75,9200,RIVERVIEW DR,,RIVERVIEW,,,November2016.dta
-1.79769313486232e+308,-,U,485040,25nov2016,2016,11,25,800,November,2016,Frauds,112010,FRAUD-CREDIT DEVICE/OVER $150,Yes,No,No,1,4,59,919,N JEFFERSON,,N JEFFERSON,,,November2016.dta
-1.79769313486232e+308,-,U,485196,26nov2016,2016,11,26,1934,November,2016,Sex Offenses,178200,SEX OFFNS-EXPOSURE/EXPOSING PERSON,Yes,No,No,1,4,35,1100,CONVENTION PZ,,TUCKER,,,November2016.dta
-1.79769313486232e+308,-,U,485202,26nov2016,2016,11,26,2010,November,2016,Other Offense,265321,LEAVING SCENE OF ACCIDENT,Yes,No,No,1,1,4,6250,RIVER DES PERES,,,,,November2016.dta
-1.79769313486232e+308,-,U,485264,27nov2016,2016,11,27,1049,November,2016,Sex Offenses,178200,SEX OFFNS-EXPOSURE/EXPOSING PERSON,Yes,No,No,1,4,36,300,N 15TH ST,,,CONFLUENCE ACADEMY,,November2016.dta
-1.79769313486232e+308,-,U,485472,29nov2016,2016,11,29,928,November,2016,Other Offense,265321,LEAVING SCENE OF ACCIDENT,Yes,No,No,1,3,21,1700,HWY I 44 WESTBOUND,,LYNCH,,,November2016.dta
575300.820226267,1016153.56105208,T,485603,30nov2016,2016,11,30,1950,November,2016,Narcotics,182400,DRUGS-POSSESSION/MARIJUANA,Yes,No,No,1,3,33,1000,GRAND,,GRATTAN,CLYDE C. MILLER ACADEMY,,November2016.dta
-1.79769313486232e+308,-,U,485636,07mar2016,2016,3,7,730,December,2016,Sex Offenses,171300,SEX OFFNS-STATUATORY RAPE/SECOND,Yes,No,No,1,6,68,4100,RUSH PL,,RUSH,,RESIDENCE,December2016.dta
-1.79769313486232e+308,-,U,485667,04aug2016,2016,8,4,100,December,2016,Sex Offenses,176100,SEX OFFNS-SX ABUSE/1ST/NO CONSNT/VIC<12,Yes,No,No,1,6,69,3800,N KINGSHIGHWAY BLVD,,KINGSHIGHWAY,,CAROUSEL MOTEL,December2016.dta
-1.79769313486232e+308,-,U,485747,30oct2016,2016,10,30,1052,December,2016,Sexual Assault,23000,RAPE-ATTEMPT FORCIBLE RAPE/FORCIBLE INCEST,Yes,No,No,1,6,71,5000,ARLINGTON AVE,,ARLINGTON,,,December2016.dta
-1.79769313486232e+308,-,U,485793,14nov2016,2016,11,14,1,December,2016,Sexual Assault,21000,RAPE -- FORCIBLE,Yes,No,No,1,3,19,2800,MIAMI ST,,MIAMI,,,December2016.dta
-1.79769313486232e+308,-,U,485858,22nov2016,2016,11,22,1748,December,2016,Sex Offenses,179200,SEX OFFNS-CHILD MOLESTATION,No,No,No,1,6,69,4900,CARTER,,CARTER,,,December2016.dta
-1.79769313486232e+308,-,U,485883,26nov2016,2016,11,26,755,December,2016,Sex Offenses,171200,SEX OFFNS-STATUATORY RAPE/FIRST,Yes,No,No,1,3,16,3100,OSAGE ST,,KINGSHIGHWAY,,,December2016.dta
-1.79769313486232e+308,-,U,486168,02dec2016,2016,12,2,1300,December,2016,Sex Offenses,171200,SEX OFFNS-STATUATORY RAPE/FIRST,Yes,No,No,1,4,61,1000,N JEFFERSON AVE,,JEFFERSON,,@CARR LANE SCHOOL,December2016.dta
-1.79769313486232e+308,-,U,486171,02dec2016,2016,12,2,1300,December,2016,Sex Offenses,171200,SEX OFFNS-STATUATORY RAPE/FIRST,Yes,No,No,1,4,61,1000,N JEFFERSON AVE,,JEFFERSON,,@CARR LANE SCHOOL,December2016.dta
-1.79769313486232e+308,-,U,486253,03dec2016,2016,12,3,255,December,2016,Sex Offenses,178200,SEX OFFNS-EXPOSURE/EXPOSING PERSON,Yes,No,No,1,4,36,600,N 13TH ST,,WASHINGTON,,,December2016.dta
-1.79769313486232e+308,-,U,486344,03dec2016,2016,12,3,2230,December,2016,Sexual Assault,21000,RAPE -- FORCIBLE,Yes,No,No,1,1,1,200,ROBERT AVE,,ROBERT,,,December2016.dta
-1.79769313486232e+308,-,U,486526,05dec2016,2016,12,5,1400,December,2016,Sex Offenses,176200,SEX OFFNS-SX ABUSE/2ND/VIC 12-13 OR INCAPACITA,Yes,No,No,1,6,68,4300,ATHLONE AVE,,ATHLONE,YEATMAN MIDDLE SCHOOL,@SCHOOL - YEATMAN,December2016.dta
-1.79769313486232e+308,-,U,486636,06dec2016,2016,12,6,1155,December,2016,Sex Offenses,175400,SEX OFFNS-SX MISCONDUCT/SECOND,Yes,No,No,1,4,77,3400,LOCUST ST,,LOCUST,,,December2016.dta
-1.79769313486232e+308,-,U,486694,06dec2016,2016,12,6,2051,December,2016,Sex Offenses,178200,SEX OFFNS-EXPOSURE/EXPOSING PERSON,Yes,No,No,1,4,36,1400,LOCUST ST,,,NEW LIFE EVANGELISTIC,@NEW LIFE EVNGLSTC CNTR,December2016.dta
-1.79769313486232e+308,-,U,486695,06dec2016,2016,12,6,2055,December,2016,Sexual Assault,23000,RAPE-ATTEMPT FORCIBLE RAPE/FORCIBLE INCEST,Yes,No,No,1,2,12,5300,WILSON AVE,,WILSON,,,December2016.dta
-1.79769313486232e+308,-,U,487474,13dec2016,2016,12,13,1800,December,2016,Sex Offenses,178200,SEX OFFNS-EXPOSURE/EXPOSING PERSON,Yes,No,No,1,4,35,1100,N 3RD ST,,3RD,BEST VALUE INN,,December2016.dta
-1.79769313486232e+308,-,U,487630,15dec2016,2016,12,15,1030,December,2016,Sex Offenses,178200,SEX OFFNS-EXPOSURE/EXPOSING PERSON,Yes,No,No,1,5,52,2700,N KINGSHIGHWAY BLVD,,KINGSHIGHWAY,,@COVENANT HOUSE,December2016.dta
-1.79769313486232e+308,-,U,488161,20dec2016,2016,12,20,1145,December,2016,Sexual Assault,21000,RAPE -- FORCIBLE,Yes,No,No,1,3,19,3500,ARKANSAS AVE,,ARKANSAS,,,December2016.dta
-1.79769313486232e+308,-,U,488175,20dec2016,2016,12,20,1330,December,2016,Sex Offenses,178200,SEX OFFNS-EXPOSURE/EXPOSING PERSON,Yes,No,No,1,4,36,300,S TUCKER BLVD,,TUCKER,@ POLICE ACADEMY,@POLICE ACADEMY,December2016.dta
-1.79769313486232e+308,-,U,488328,21dec2016,2016,12,21,1657,December,2016,Sex Offenses,178200,SEX OFFNS-EXPOSURE/EXPOSING PERSON,Yes,No,No,1,6,68,4200,ROSALIE ST,,,,,December2016.dta
-1.79769313486232e+308,-,U,488411,22dec2016,2016,12,22,1205,December,2016,Aggravated Assault,41021,AGG.ASSAULT-FIREARM/CITIZEN CHILD 1ST DEGREE,Yes,No,No,1,6,72,5773,BIRCHER BLVD,,AMELIA,,,December2016.dta
-1.79769313486232e+308,-,U,488708,25dec2016,2016,12,25,400,December,2016,Sexual Assault,21000,RAPE -- FORCIBLE,Yes,No,No,1,3,19,3600,TENNESSEE AVE,,TENNESSEE,,,December2016.dta
-1.79769313486232e+308,-,U,488800,26dec2016,2016,12,26,1100,December,2016,Larceny,64701,LARCENY-FROM MTR VEH UNDER $500,Yes,No,No,1,5,52,2415,N. KIGHSHIGHWAY,,PLOVER,NORTHVIEW VILLIAGE NURSING HOME,,December2016.dta
-1.79769313486232e+308,-,U,488904,27dec2016,2016,12,27,927,December,2016,Liquor Laws,229999,LIQUOR LAWS-OTHR UNSPEC LIQ OFFNSE,Yes,No,No,1,3,23,1807,GRFAVOIS,,,,BUS STOP,December2016.dta
-1.79769313486232e+308,-,U,489203,29dec2016,2016,12,29,2146,December,2016,Other Offense,265321,LEAVING SCENE OF ACCIDENT,Yes,No,No,1,1,4,7752,MORGANFORD,,HAMPTON VILLAGE,,,December2016.dta
-1.79769313486232e+308,-,U,489263,30dec2016,2016,12,30,1122,December,2016,Sexual Assault,21000,RAPE -- FORCIBLE,Yes,No,No,1,5,56,4600,COTE BRILLIANTE AVE,,CABANNE,,,December2016.dta
