id,dateoccurred,yearoccurred,monthoccurred,dayoccurred,timeoccurred,month,year,ucr,crime,description,newcrime,unfounded,adjustment,count,district,neighborhood,ileadsaddress,ileadsstreet,cadaddress,cadstreet,locationname,locationcomment,xcoord,ycoord,_source
7204,16feb2008,2008,2,16,1700,February,2008,Sexual Assault,21000,RAPE -- FORCIBLE,Yes,No,No,1,0,0,0,UNKNOWN,10000,UNKNOWN,,UNKNOWN ADDRESS,0,0,February2008.dta
12602,21mar2008,2008,3,21,2125,March,2008,Aggravated Assault,43013,AGG.ASSAULT-OTH DANG WEP/CTZEN ADLT 3RD DEGREE,Yes,No,No,1,6,0,0,NATURAL BRIDGE & MAR,0,NATURAL BRIDGE,SHELL GAS STATION,,0,0,March2008.dta
14786,02apr2008,2008,4,2,2200,April,2008,Sexual Assault,21000,RAPE -- FORCIBLE,Yes,No,No,1,4,0,0,UNKNOWN,0,UNKNOWN,UNKNOWN,@CENTRAL PATROL DIVISION,0,0,April2008.dta
16166,11apr2008,2008,4,11,1000,April,2008,Larceny,67701,LARCENY-FROM BUILDING UNDER $500,Yes,No,No,1,2,0,,UNKNOWN ST LOUIS,0,UNKNOWN,,1ST FL,0,0,April2008.dta
16748,14apr2008,2008,4,14,1430,April,2008,Criminal Damage,142320,DESTRUCTION OF PROPERTY-MALICIOUS/PRIV PROP,Yes,No,No,1,2,0,0,I 44 EASTBOUND,0,I 44,AT KINGSHIGHWAY,,0,0,April2008.dta
19381,29apr2008,2008,4,29,730,April,2008,Sexual Assault,21000,RAPE -- FORCIBLE,Yes,No,No,1,1,0,0,UNKNOWN,10000,UNKNOWN,,LOCATION UNKNOWN,0,0,April2008.dta
20524,04may2008,2008,5,4,1800,May,2008,Larceny,65701,LARCENY-MTR VEH PARTS UNDER $500,Yes,No,No,1,0,0,0,UNKNOWN ST LOUIS,0,UNKNOWN,,@BUSCH STADIUM,0,0,May2008.dta
20997,07may2008,2008,5,7,1000,May,2008,Larceny,65701,LARCENY-MTR VEH PARTS UNDER $500,Yes,No,No,1,0,0,0,UNKNOWN,0,UNKNOWN,,@HEADQUARTERS,0,0,May2008.dta
30282,26jun2008,2008,6,26,1800,June,2008,Larceny,64701,LARCENY-FROM MTR VEH UNDER $500,Yes,No,No,1,0,0,0,UNKNOWN,9999,UNKNOWN,,@ RIVERVIEW DRIVE,0,0,June2008.dta
30562,28jun2008,2008,6,28,300,June,2008,Aggravated Assault,44013,"AGG.ASSAULT-HNDS,FST,FEET/CTZEN ADLT 3RD DEGRE",Yes,No,No,1,0,0,0,UNKNOWN,9999,UNKNOWN,,UNKNOWN,0,0,June2008.dta
42353,26aug2008,2008,8,26,2005,August,2008,Criminal Damage,142320,DESTRUCTION OF PROPERTY-MALICIOUS/PRIV PROP,Yes,No,No,1,5,0,0,EASTBOUND INTERSTATE,0,UNKNOWN,,HIGHWAY,0,0,August2008.dta
42420,27aug2008,2008,8,27,530,August,2008,Sexual Assault,21000,RAPE -- FORCIBLE,Yes,No,No,1,0,0,0,CITY OF ST LOUIS,0,UNKNOWN,UNDER HIGHWAY,,0,0,August2008.dta
42511,27aug2008,2008,8,27,1900,August,2008,Larceny,69702,LARCENY-ALL OTHER UNDER $500,Yes,No,No,1,0,0,0,UNKNOWN ST LOUIS,0,UNKNOWN,SOUTH CITY,,0,0,August2008.dta
50108,02oct2008,2008,10,2,700,October,2008,Other Assaults,91114,"ASSAULT, ADULT, AGE 17 AND UP-DOMESTIC",Yes,No,No,1,0,0,999,UNKNOWN,0,UNKNOWN,,VICTIM COULD NOT GIVE ACCURATE LOCAT,0,0,October2008.dta
52062,13oct2008,2008,10,13,205,October,2008,Stolen Property,130000,"STOLEN PROPERTY-BUYING,RECEIVING,POSSESSING,ET",Yes,No,No,1,0,0,0,UNKNOWN,0,UNKNOWN,,STREET,0,0,October2008.dta
56043,03nov2008,2008,11,3,900,November,2008,Larceny,64701,LARCENY-FROM MTR VEH UNDER $500,Yes,No,No,1,1,0,0,UNKNOWN,0,UNKNOWN,,@ENGINE CO 23,0,0,November2008.dta
57638,13nov2008,2008,11,13,2000,November,2008,Sexual Assault,21000,RAPE -- FORCIBLE,Yes,No,No,1,0,0,0,UNKNOWN,10000,UNKNOWN,UNKNOWN,UNKNOWN,0,0,November2008.dta
63240,19dec2008,2008,12,19,130,December,2008,Other Assaults,91113,SIMPLE ASSAULT-ADULT/NO INJURY,Yes,No,No,1,3,0,0,UNKNOWN,0,UNKNOWN,UNKNOWN,BAR,0,0,December2008.dta
65393,03jan2009,2009,1,3,1627,January,2009,Sexual Assault,21000,RAPE -- FORCIBLE,Yes,No,No,1,0,0,0,UNKNOWN,0,UNKNOWN,,UNKNOWN LOCATION IN THE CITY OF ST L,0,0,January2009.dta
67278,15jan2009,2009,1,15,1830,January,2009,Larceny,64701,LARCENY-FROM MTR VEH UNDER $500,Yes,No,No,1,0,0,0,UNION STATION,0,MARKET,,@UNION STATION,0,0,January2009.dta
67279,15jan2009,2009,1,15,1830,January,2009,Larceny,64601,"LARCENY-FROM MTR VEH $500 - $24,999",No,No,Yes,1,0,0,0,UNION STATION,0,MARKET,,@UNION STATION,0,0,January2009.dta
67516,17jan2009,2009,1,17,1042,January,2009,Burglary,51322,BURGLARY-RESDNCE/UNK TIM/UNLW EN/UNOCCUPIED,No,No,Yes,1,9,0,0,UNKNOWN,0,UNKNOWN,,APT A,0,0,January2009.dta
68082,21jan2009,2009,1,21,1530,January,2009,Criminal Damage,142320,DESTRUCTION OF PROPERTY-MALICIOUS/PRIV PROP,Yes,No,No,1,0,0,0,LAGON DR,0,FOREST PK,,@LAGON DR,0,0,January2009.dta
69565,24jan2009,2009,1,24,616,February,2009,Frauds,112020,FRAUD-CREDIT DEVICE/UNDER $150,Yes,No,No,1,0,0,0,UNKNOWN,0,UNKNOWN,SHELL STATION,,0,0,February2009.dta
69612,29jan2009,2009,1,29,1200,February,2009,Larceny,64701,LARCENY-FROM MTR VEH UNDER $500,Yes,No,No,1,5,0,0,UNKNOWN,0,UNKNOWN,,ALIAS 3838 ST LOUIS,0,0,February2009.dta
71264,12feb2009,2009,2,12,1345,February,2009,Larceny,64701,LARCENY-FROM MTR VEH UNDER $500,Yes,No,No,1,2,82,,GOVERNMENT DR,0,FOREST PK,,#1 GOVERNMENT DR,0,0,February2009.dta
71891,16feb2009,2009,2,16,1120,February,2009,Larceny,63701,LARCENY-SHOPLIFT UNDER $500,Yes,No,No,1,2,14,,S KINGSHIGHWAY BLVD,0,S KINGSHIGHWAY,DOLLAR TREE,DISCOUNT STORE,0,0,February2009.dta
76555,17mar2009,2009,3,17,1700,March,2009,Motor Vehicle Theft,72113,AUTO THEFT-TRUCK/PERM RETNT/UNRECOV OVER 48HR,Yes,No,No,1,2,12,0,INTERSTE 44 WESTBOUN,,,,RAMP 9,0,0,March2009.dta
77747,25mar2009,2009,3,25,1130,March,2009,Larceny,67701,LARCENY-FROM BUILDING UNDER $500,Yes,No,No,1,4,61,,22ND ST,,22ND,CLEVELAND HIGH SCHOOL,,0,0,March2009.dta
79975,07apr2009,2009,4,7,200,April,2009,Larceny,64701,LARCENY-FROM MTR VEH UNDER $500,Yes,No,No,1,4,36,0,UNKNOWN,,CLARK,,@HEADQUARTERS,0,0,April2009.dta
80599,11apr2009,2009,4,11,1200,April,2009,Larceny,65701,LARCENY-MTR VEH PARTS UNDER $500,Yes,No,No,1,2,8,0,UNKNOWN,,ITASKA,,WITHIN CITY LIMITS,0,0,April2009.dta
83755,30mar2009,2009,3,30,1200,May,2009,Larceny,65701,LARCENY-MTR VEH PARTS UNDER $500,Yes,No,No,1,3,0,0,UNKNOWN,,GRACE,,1ST FL SOUTH,0,0,May2009.dta
89151,24may2009,2009,5,24,1900,June,2009,Larceny,67601,"LARCENY-FROM BUILDING $500 - $24,999",No,No,Yes,1,4,36,2340,,,MARKET,MARRIOT COURTYARD,,0,0,June2009.dta
90214,06jun2009,2009,6,6,1800,June,2009,Larceny,64701,LARCENY-FROM MTR VEH UNDER $500,Yes,No,No,1,2,0,0,UNKNOWN,,,,ON CONFEDERATE AT CRICKET,0,0,June2009.dta
96843,13jul2009,2009,7,13,2230,July,2009,Sexual Assault,21000,RAPE -- FORCIBLE,Yes,No,No,1,0,0,0,UKNOWN,,MARY,,UNKNOWN ALLEY SOMEWHERE IN NORTH ST.,0,0,July2009.dta
98784,24jul2009,2009,7,24,1730,July,2009,Larceny,64601,"LARCENY-FROM MTR VEH $500 - $24,999",Yes,No,No,1,2,82,0,FOREST PARK,,,,@FOREST PARK - AVIATION FIELD,0,0,July2009.dta
99288,27jul2009,2009,7,27,1430,July,2009,Larceny,64601,"LARCENY-FROM MTR VEH $500 - $24,999",Yes,No,No,1,4,35,0,ARCH GROUNDS NORTH,,,ARCH GROUNDS,,0,0,July2009.dta
100167,01jul2009,2009,7,1,1400,August,2009,Larceny,65701,LARCENY-MTR VEH PARTS UNDER $500,Yes,No,No,1,0,0,0,UNKNOWN,,POTOMAC,CITY OF ST LOUIS,,0,0,August2009.dta
100269,25jul2009,2009,7,25,1400,August,2009,Larceny,64601,"LARCENY-FROM MTR VEH $500 - $24,999",No,No,Yes,1,4,35,50,,,,,: @ARCH GROUNDS NORTH,0,0,August2009.dta
104728,25aug2009,2009,8,25,1230,August,2009,Larceny,69702,LARCENY-ALL OTHER UNDER $500,Yes,No,No,1,9,0,9999,UNKNOWN,,WEST PINE,,ON METROLINK,0,0,August2009.dta
104985,26aug2009,2009,8,26,2053,August,2009,Driving Under Influence,212000,DUI-DRVING UNDR INFLUNC ALC/DRUGS,Yes,No,No,1,2,82,0,HAMPTON AND WELLS DR,,,FOREST PARK,,0,0,August2009.dta
106670,04sep2009,2009,9,4,120,September,2009,Stolen Property,130000,"STOLEN PROPERTY-BUYING,RECEIVING,POSSESSING,ET",Yes,No,No,1,0,0,0,UNKNOWN,,PLOVER,SAINT LOUIS COUNTY POLICE,,0,0,September2009.dta
115530,23oct2009,2009,10,23,1330,October,2009,Criminal Damage,142320,DESTRUCTION OF PROPERTY-MALICIOUS/PRIV PROP,Yes,No,No,1,1,80,0,CARONDELET PARK,,,,@CARONDELET PARK,0,0,October2009.dta
116029,26oct2009,2009,10,26,430,October,2009,Criminal Damage,142320,DESTRUCTION OF PROPERTY-MALICIOUS/PRIV PROP,Yes,No,No,1,9,37,,S COMPTON AVE,,COMPTON,CHAFEITZ ARENA,#1 S COMPTON AVE,0,0,October2009.dta
117241,30oct2009,2009,10,30,2200,November,2009,Larceny,67601,"LARCENY-FROM BUILDING $500 - $24,999",Yes,No,No,1,9,37,,SOUTH COMPTON,,,CHAIFETZ ARENA,#1 SOUTH COMPTON,0,0,November2009.dta
120783,21nov2009,2009,11,21,1755,November,2009,Other Offense,266510,PUBLIC ORDER-TRESPASSING,Yes,No,No,1,4,36,0,#10 PLAZA SQR,,PLAZA,,#10 PLAZA SQR,0,0,November2009.dta
121004,23nov2009,2009,11,23,1,November,2009,Sexual Assault,21000,RAPE -- FORCIBLE,Yes,No,No,1,6,0,0,UNKNOWN,,BROADWAY,,SOMEWHERE IN BADEN NEIGHBORHOOD NEAR,0,0,November2009.dta
127301,04jan2010,2010,1,4,1330,January,2010,Stolen Property,130000,"STOLEN PROPERTY-BUYING,RECEIVING,POSSESSING,ET",Yes,No,No,1,6,0,0,UNKNOWN,,N. NEWSTEAD,JENNINGS PD,,0,0,January2010.dta
130760,11dec2009,2009,12,11,1900,January,2010,Motor Vehicle Theft,71030,AUTO THEFT-PERM RETNT/JOY RIDE,No,No,Yes,1,5,63,,,,,,DRIVEWAY:,0,0,January2010.dta
131126,29jan2010,2010,1,29,1700,February,2010,Larceny,67701,LARCENY-FROM BUILDING UNDER $500,Yes,No,No,1,2,0,0,UNKNOWN,,FOREST PARK,SOMEWHERE IN 2ND DISTRICT,,0,0,February2010.dta
134389,02feb2010,2010,2,2,300,March,2010,Larceny,69702,LARCENY-ALL OTHER UNDER $500,Yes,No,No,1,3,0,0,UNKNOWN,,HARTFORD,,FROM THE MAIL,0,0,March2010.dta
136538,15mar2010,2010,3,15,1200,March,2010,Larceny,64701,LARCENY-FROM MTR VEH UNDER $500,Yes,No,No,1,7,0,0,UNKNOWN,,CLARK,,@HEADQUARTERS,0,0,March2010.dta
137273,19mar2010,2010,3,19,2030,March,2010,Sex Offenses,172100,SEX OFFNS-SODOMY/FORCIBLE,Yes,No,No,1,0,0,0,UNKNOWN,,GUSTAV,,BADEN NEIGHBORHOOD,0,0,March2010.dta
139043,21dec2009,2009,12,21,1942,March,2010,Other Offense,263141,OBSTRUCT GOVRN OP-IMPERSONATION/FALSE,Yes,No,No,1,4,35,999,N 2ND ST,,2ND,LUMIERE CASINO,,0,0,March2010.dta
139047,29dec2009,2009,12,29,1930,March,2010,Other Offense,266510,PUBLIC ORDER-TRESPASSING,Yes,No,No,1,4,35,999,N 2ND ST,,2ND,LUMIERE CASINO,,0,0,March2010.dta
139048,30dec2009,2009,12,30,2105,March,2010,Other Offense,263141,OBSTRUCT GOVRN OP-IMPERSONATION/FALSE,Yes,No,No,1,4,35,999,N 2ND ST,,2ND,,LUMIERE  CASINO,0,0,March2010.dta
139885,04apr2010,2010,4,4,2000,April,2010,Larceny,64701,LARCENY-FROM MTR VEH UNDER $500,Yes,No,No,1,5,83,0,"(89964035,103143066)",,,,@FAIRGROUND PARK,0,0,April2010.dta
144282,27apr2010,2010,4,27,1743,May,2010,Aggravated Assault,43013,AGG.ASSAULT-OTH DANG WEP/CTZEN ADLT 3RD DEGREE,No,No,Yes,1,9,38,625,,,EUCLID,,SUITE 305,0,0,May2010.dta
145280,07may2010,2010,5,7,12,May,2010,Criminal Damage,142320,DESTRUCTION OF PROPERTY-MALICIOUS/PRIV PROP,Yes,No,No,1,5,64,0,I 70 WB AT ST LOUIS,,,I 70,,0,0,May2010.dta
150886,12jun2010,2010,6,12,1130,June,2010,Motor Vehicle Theft,71030,AUTO THEFT-PERM RETNT/JOY RIDE,Yes,No,No,1,0,0,9999,UNKNOWN,,CALVIN,UNKNOWN,,0,0,June2010.dta
151073,13jun2010,2010,6,13,1700,June,2010,Aggravated Assault,41011,AGG.ASSAULT-FIREARM/CITIZEN ADULT 1ST DEGREE,Yes,No,No,1,0,0,0,UNKNOWN,,,,UNKNOWN LOCATION,0,0,June2010.dta
151953,19jun2010,2010,6,19,1331,June,2010,Larceny,69702,LARCENY-ALL OTHER UNDER $500,Yes,No,No,1,2,0,,GOVERNMENT,,KINGSHIGHWAY,ZOO,#1 GOVERNMENT,0,0,June2010.dta
151996,19jun2010,2010,6,19,1900,June,2010,Larceny,65701,LARCENY-MTR VEH PARTS UNDER $500,Yes,No,No,1,6,0,9999,UNKNOWN,,PENROSE,,UNKNOWN,0,0,June2010.dta
159169,19dec2009,2009,12,19,340,July,2010,Other Offense,266510,PUBLIC ORDER-TRESPASSING,Yes,No,No,1,4,35,999,N 2ND ST,,2ND,LUMIERE CASINO,,0,0,July2010.dta
159210,16mar2010,2010,3,16,200,August,2010,Larceny,64711,LARCENY-FROM MTR VEH UNDER $500  /ATTEMPT,No,No,Yes,1,4,36,25,,,PLAZA,,: APT 814,0,0,August2010.dta
159470,26jul2010,2010,7,26,1700,August,2010,Motor Vehicle Theft,71013,AUTO THEFT-PERM RETNT/UNRECOV OVER 48HR,Yes,No,No,1,2,11,0,I 44 EASTBOUND,,,,HAMPTON AVE / I 44 EASTBOUND,0,0,August2010.dta
159534,30jul2010,2010,7,30,2320,August,2010,Burglary,51212,BURGLARY-RESIDENCE/NIT/FORCE ENT/UNOCCUPIED,No,No,Yes,1,6,71,4567,,,DURANT,,TWO FAMILIY FLAT,0,0,August2010.dta
162190,17aug2010,2010,8,17,1608,August,2010,Other Assaults,91123,SIMPLE ASSAULT-CHILD/NO INJURY,Yes,No,No,1,0,0,9999,UNKNOWN,,ACME,,SCHOOL BUS,0,0,August2010.dta
164965,01sep2010,2010,9,1,2130,September,2010,Stolen Property,130000,"STOLEN PROPERTY-BUYING,RECEIVING,POSSESSING,ET",Yes,No,No,1,0,0,0,UNKNOWN,,OHIO,ST LOUIS COUNTY PD,,0,0,September2010.dta
169660,23may2010,2010,5,23,500,October,2010,Larceny,69602,"LARCENY-ALL OTHER $500 - $24,999",No,No,Yes,1,6,72,,,,,,:@ CITY HOPE BIBLE CHURCH,0,0,October2010.dta
169970,29sep2010,2010,9,29,1700,October,2010,Stolen Property,130000,"STOLEN PROPERTY-BUYING,RECEIVING,POSSESSING,ET",Yes,No,No,1,0,0,0,UNKNOWN,,,HAZELWOOD POLIE DEPT,,0,0,October2010.dta
173149,21oct2010,2010,10,21,1,October,2010,Larceny,65701,LARCENY-MTR VEH PARTS UNDER $500,Yes,No,No,1,0,0,0,UNKNOWN,,MCPHERSON,,CITY STREET,0,0,October2010.dta
175754,04nov2010,2010,11,4,2200,November,2010,Criminal Damage,142320,DESTRUCTION OF PROPERTY-MALICIOUS/PRIV PROP,Yes,No,No,1,0,0,0,UNKNOWN,,TOWER GROVE,,WITHIN THE BOUNDRIES OF THE CITY OF,0,0,November2010.dta
178506,23nov2010,2010,11,23,800,November,2010,Larceny,65601,"LARCENY-MTR VEH PARTS $500 - $24,999",Yes,No,No,1,2,82,0,WELLS DR,,GOVERNMENT,,@ZOO,0,0,November2010.dta
179605,23nov2010,2010,11,23,126,December,2010,Other Offense,263120,OBSTRUCT GOVRN OP-FALSE REPORT,No,No,Yes,1,1,80,,GRAND LOUGHBOROUGH,,,,PARK,0,0,December2010.dta
183246,28dec2010,2010,12,28,1420,December,2010,Larceny,64701,LARCENY-FROM MTR VEH UNDER $500,Yes,No,No,1,3,21,,BUSCH PLACE,,,ANHEISER BUSCH,#1 BUSCH PLACE,0,0,December2010.dta
187274,30jan2011,2011,1,30,430,January,2011,Other Assaults,91113,SIMPLE ASSAULT-ADULT/NO INJURY,Yes,No,No,1,0,0,0,MICHIGAN,,MINNESOTA,,TENNESSEE OR MICHIGAN,0,0,January2011.dta
187406,20may2010,2010,5,20,2130,January,2011,Larceny,64701,LARCENY-FROM MTR VEH UNDER $500,No,No,Yes,1,2,82,,,,,,: @FOREST PARK - JEFFERSON LAKE,0,0,January2011.dta
187423,23aug2010,2010,8,23,930,January,2011,Burglary,51312,BURGLARY-RESDNCE/UNK TIM/FORC ENT/UNOCCUPIED,No,No,Yes,1,5,65,3829,,,25TH,,:APT 206,0,0,January2011.dta
190497,24feb2011,2011,2,24,100,February,2011,Larceny,64701,LARCENY-FROM MTR VEH UNDER $500,Yes,No,No,1,5,68,0,OFALLON PARK,,TENNESSEE,,NEAR THE BOAT HOUSE,0,0,February2011.dta
191204,01jan2011,2011,1,1,100,March,2011,Sexual Assault,21000,RAPE -- FORCIBLE,Yes,No,No,1,0,0,0,UNKNOWN,,CLARK,,UNKNOWN,0,0,March2011.dta
191226,01feb2011,2011,2,1,1,March,2011,Forgery and Counterfeiting,101000,FORGERY,Yes,No,No,1,0,0,0,UNKNOWN,,UNKNOWN,,LOCATION UNKNOWN,0,0,March2011.dta
191250,05feb2011,2011,2,5,2200,March,2011,Larceny,67701,LARCENY-FROM BUILDING UNDER $500,No,No,Yes,1,4,35,999,2ND,,2ND,LUMIERE CASINO,,0,0,March2011.dta
195642,06aug2010,2010,8,6,1840,March,2011,Other Offense,263120,OBSTRUCT GOVRN OP-FALSE REPORT,No,No,Yes,1,8,58,,,,,STOP AND SAVE,: NOW AT BARNES-JEWISH HOSP,0,0,March2011.dta
200709,03mar2011,2011,3,3,600,May,2011,Frauds,112020,FRAUD-CREDIT DEVICE/UNDER $150,Yes,No,No,1,0,0,0,UNKOWN,,UNKOWN,7-ELEVEN,,0,0,May2011.dta
200934,30apr2011,2011,4,30,1400,May,2011,Larceny,65601,"LARCENY-MTR VEH PARTS $500 - $24,999",Yes,No,No,1,5,68,0,OFALLON PARK,,HALL,OFALLON PARK,,0,0,May2011.dta
202458,18may2011,2011,5,18,800,May,2011,Larceny,64701,LARCENY-FROM MTR VEH UNDER $500,Yes,No,No,1,2,0,0,UNKNOWN,,HAMPTON,FOREST PARK,,0,0,May2011.dta
203456,24may2011,2011,5,24,1815,May,2011,Larceny,65601,"LARCENY-MTR VEH PARTS $500 - $24,999",Yes,No,No,1,6,0,0,UNKNOWN,,,,#2 UNION SEVENTY CENTER,0,0,May2011.dta
203584,25may2011,2011,5,25,1800,May,2011,Robbery,31211,ROBBERY-HIGHWAY    /KNIFE USED/SUCCESSFUL,Yes,No,No,1,0,0,0,UNKNOWN,,JEFFERSON,,UNKNOWN LOCATION,0,0,May2011.dta
204307,03may2011,2011,5,3,1030,May,2011,Larceny,64701,LARCENY-FROM MTR VEH UNDER $500,Yes,No,No,1,0,0,0,UNKNOWN,,GOODFELLOW,,UNKNOWN LOCATION- CITY OF SAINT LOUI,0,0,May2011.dta
205981,30may2011,2011,5,30,1930,June,2011,Larceny,65701,LARCENY-MTR VEH PARTS UNDER $500,Yes,No,No,1,0,0,0,UNKNOWN,,LINDELL,,UNKNOWN,0,0,June2011.dta
209523,29jun2011,2011,6,29,1308,June,2011,Narcotics,182999,DRUGS-POSSESSION/OTHR UNSPEC DRUG,Yes,No,No,1,0,0,0,UNDER INVESTIGATION,,CLARK,,WITHIN THE CITY OF ST. LOUIS MO.,0,0,June2011.dta
211846,04jul2011,2011,7,4,2035,July,2011,Other Offense,265100,SAFETY-FIREWORKS VIOLATION,Yes,No,No,1,3,19,,CALIFORNIA AVE,,CALIFORNIA,,STREET,0,0,July2011.dta
215308,26jul2011,2011,7,26,845,July,2011,Motor Vehicle Theft,71030,AUTO THEFT-PERM RETNT/JOY RIDE,Yes,No,No,1,1,80,0,CARONDELET PARK,,,,MULCH PIT,0,0,July2011.dta
216270,14jul2011,2011,7,14,1200,August,2011,Larceny,64601,"LARCENY-FROM MTR VEH $500 - $24,999",No,No,Yes,1,2,82,,,,,WELLS DRIVE,EB ON WELLS NEAT TAMM,0,0,August2011.dta
220673,28aug2011,2011,8,28,2050,August,2011,Weapons,152200,WEAPONS-CITY VIOL/DISCHRGING IN CITY,Yes,No,No,1,5,67,0,KOSSUTH AVE,,,,INSIDE PARK NEAR PRAIRIE,0,0,August2011.dta
221179,06aug2011,2011,8,6,50,September,2011,Motor Vehicle Theft,71030,AUTO THEFT-PERM RETNT/JOY RIDE,No,No,Yes,1,4,35,100,,,,,COBBLESTONE,0,0,September2011.dta
221282,24aug2011,2011,8,24,815,September,2011,Burglary,51112,BURGLARY-RESIDENCE/DAY/FORCE ENT/UNOCCUPIED,Yes,No,No,1,3,15,3176,,,GUSTINE,,APARTMENT BUILDING,0,0,September2011.dta
222492,08sep2011,2011,9,8,2037,September,2011,Sex Offenses,178200,SEX OFFNS-EXPOSURE/EXPOSING PERSON,Yes,No,No,1,9,38,,CHILDRENS PLACE,,,,#1 CHILDRENS PLACE,0,0,September2011.dta
228326,19oct2011,2011,10,19,900,October,2011,Narcotics,182400,DRUGS-POSSESSION/MARIJUANA,Yes,No,No,1,1,16,0,MELCARAHAN SCHOOL,,,DUTCH TOWN,@MELCARAHAN SCHOOL,0,0,October2011.dta
231869,11nov2011,2011,11,11,1430,November,2011,Aggravated Assault,43015,ASSLT-AGGRAV-OTH-WPN-2ND-ADULT-DOMESTIC,Yes,No,No,1,3,0,0,I 55 NORTHBOUND,,GRAND,HIGHWAY - INSIDE VEHICLE,VEHICLE,0,0,November2011.dta
232589,16nov2011,2011,11,16,830,November,2011,Larceny,65701,LARCENY-MTR VEH PARTS UNDER $500,Yes,No,No,1,1,1,0,I 55 NORTHBOUND,,,,BATES ENTRANCE,0,0,November2011.dta
240689,25jan2012,2012,1,25,605,January,2012,Robbery,31111,ROBBERY-HIGHWAY  /FIREARM USED/SUCCESSFUL,Yes,No,No,1,3,23,0,N JEFFERSON AVE & RU,,KINGSHIGHWAY,,BUS STOP,0,0,January2012.dta
241838,11jan2012,2012,1,11,610,February,2012,Burglary,51112,BURGLARY-RESIDENCE/DAY/FORCE ENT/UNOCCUPIED,No,No,Yes,1,1,16,3646,,,NEOSHO,,: APT 1 E,0,0,February2012.dta
242010,01feb2012,2012,2,1,800,February,2012,Other Offense,266999,PUBLIC ORDER-OTHR UNSPC PBLC ORDER VIOLATION,Yes,No,No,1,7,46,0,SKINKER PLATFORM,,SKINKER PLATFORM,METRO,METRO LINK PLATFORM,0,0,February2012.dta
243117,11feb2012,2012,2,11,2137,February,2012,Sexual Assault,21000,RAPE -- FORCIBLE,Yes,No,No,1,6,0,0,UNKNOWN,,CLARK,,BADEN NEIGHBORHOOD,0,0,February2012.dta
245008,28jul2011,2011,7,28,1330,February,2012,Forgery and Counterfeiting,102000,FORGERY-POSSESSION OF FORGING INSTRUMENT,No,No,Yes,1,4,35,300,,,4TH,,: @MANSION HOUSE,0,0,February2012.dta
245085,28dec2011,2011,12,28,1900,February,2012,Larceny,69702,LARCENY-ALL OTHER UNDER $500,Yes,No,No,1,7,0,0,UNKNOWN,,,PHILLIPS 66 GAS STATION,,0,0,February2012.dta
245636,03mar2012,2012,3,3,956,March,2012,Disorderly Conduct,241100,DISORDERLY CONDUCT-PEACE DSTRB/INDIVIDUAL,Yes,No,No,1,5,67,0,N GRAND BLVD,,,99 + STORE,,0,0,March2012.dta
248666,26mar2012,2012,3,26,1825,March,2012,Narcotics,182130,DRUGS-POSSESSION/HEROIN,Yes,No,No,1,5,68,0,OFALLON PARK,,,,@OFALLON PARK,0,0,March2012.dta
249188,30mar2012,2012,3,30,2000,March,2012,Other Offense,266999,PUBLIC ORDER-OTHR UNSPC PBLC ORDER VIOLATION,Yes,No,No,1,4,36,,14TH SPRUCE,,,CIVIC CENTER,CIVIC CENTER,0,0,March2012.dta
249637,29mar2012,2012,3,29,1700,April,2012,Criminal Damage,142320,DESTRUCTION OF PROPERTY-MALICIOUS/PRIV PROP,No,No,Yes,1,3,18,3624,,,SALENA,VACANT APARTMENT COMPLEX,,0,0,April2012.dta
250247,04apr2012,2012,4,4,1330,April,2012,Disorderly Conduct,241100,DISORDERLY CONDUCT-PEACE DSTRB/INDIVIDUAL,Yes,No,No,1,2,9,0,SHREWSBURY METRO LIN,,SHREWSBURY METRO LIN,METRO,7201 LANSDOWNE,0,0,April2012.dta
250562,06apr2012,2012,4,6,1920,April,2012,Larceny,64601,"LARCENY-FROM MTR VEH $500 - $24,999",Yes,No,No,1,2,82,0,FOREST PARK,,MARMADUKE,,RED BUD GOLF COURSE,0,0,April2012.dta
252751,20apr2012,2012,4,20,1000,April,2012,Larceny,64701,LARCENY-FROM MTR VEH UNDER $500,Yes,No,No,1,0,0,0,ST LOUIS CITY,,DE BALIVIERE,,ALIAS 565 DEBALIVIERE CITY,0,0,April2012.dta
254354,09apr2012,2012,4,9,1,May,2012,Other Assaults,91123,SIMPLE ASSAULT-CHILD/NO INJURY,Yes,No,No,1,0,0,0,UNKNOWN,,,,UNKNOWN LOCATION,0,0,May2012.dta
254457,25apr2012,2012,4,25,1500,May,2012,Larceny,69702,LARCENY-ALL OTHER UNDER $500,Yes,No,No,1,1,80,0,CARONDELET PARK,,CARONDELET PARK,CARONDELET PARK,CARONDELET PARK,0,0,May2012.dta
255224,05may2012,2012,5,5,1100,May,2012,Larceny,65701,LARCENY-MTR VEH PARTS UNDER $500,Yes,No,No,1,2,82,0,UNION DR,,,,@ MCKINLEY DR,0,0,May2012.dta
255226,05may2012,2012,5,5,1115,May,2012,Larceny,65701,LARCENY-MTR VEH PARTS UNDER $500,Yes,No,No,1,4,35,0,S BROADWAY,,,STADIUM EAST GARAGE,,0,0,May2012.dta
255422,06may2012,2012,5,6,1800,May,2012,Criminal Damage,142320,DESTRUCTION OF PROPERTY-MALICIOUS/PRIV PROP,Yes,No,No,1,0,0,0,UNKNOWN,,FLORISSANT,,ST. LOUIS COUNTY/ JENNINGS MO.,0,0,May2012.dta
256175,11may2012,2012,5,11,1630,May,2012,Larceny,64701,LARCENY-FROM MTR VEH UNDER $500,Yes,No,No,1,2,0,0,UNKNOWN,,,FOREST PARK,GOVERERNMENT/ NORTH ZOO LOT,0,0,May2012.dta
258605,27may2012,2012,5,27,2115,May,2012,Criminal Damage,142320,DESTRUCTION OF PROPERTY-MALICIOUS/PRIV PROP,Yes,No,No,1,7,48,0,"(87884044,102769354)",,,@METROLINK - DELMAR,,0,0,May2012.dta
258946,30may2012,2012,5,30,1200,May,2012,Larceny,64711,LARCENY-FROM MTR VEH UNDER $500  /ATTEMPT,Yes,No,No,1,0,0,,CARR LANE,,,,@WORLDS FAIR PAVILION,0,0,May2012.dta
259070,31may2012,2012,5,31,1107,May,2012,Motor Vehicle Theft,71013,AUTO THEFT-PERM RETNT/UNRECOV OVER 48HR,Yes,No,No,1,3,20,0,INTERSTATE HWY 55 SB,,GILES,,OVERPASS BEFORE MILE 208 MARKER,0,0,May2012.dta
259311,18may2012,2012,5,18,900,June,2012,Larceny,67701,LARCENY-FROM BUILDING UNDER $500,No,No,Yes,1,3,19,3507,,,NEBRASKA,,MULTI-FAMILY APARTMENT BUILDING,0,0,June2012.dta
260982,10jun2012,2012,6,10,1515,June,2012,Other Offense,265321,LEAVING SCENE OF ACCIDENT,Yes,No,No,1,0,0,0,I64,,,,AT I55 SPLIT,0,0,June2012.dta
262929,23jun2012,2012,6,23,800,June,2012,Disorderly Conduct,241100,DISORDERLY CONDUCT-PEACE DSTRB/INDIVIDUAL,Yes,No,No,1,9,0,0,CENTRAL WEST END PLA,,CENTRAL WEST END PLA,METRO,METROLINK PLATFORM,0,0,June2012.dta
262936,23jun2012,2012,6,23,1030,June,2012,Sex Offenses,178200,SEX OFFNS-EXPOSURE/EXPOSING PERSON,Yes,No,No,1,4,0,0,CIVIC CTR METRO LINK,,CIVIC CTR METRO LINK,METRO,BUS STOP,0,0,June2012.dta
264130,20jun2012,2012,6,20,25,July,2012,Aggravated Assault,41011,AGG.ASSAULT-FIREARM/CITIZEN ADULT 1ST DEGREE,No,No,Yes,1,7,48,6105,,,ETZEL,,: APT 121,0,0,July2012.dta
264676,03jul2012,2012,7,3,1600,July,2012,Other Assaults,91114,"ASSAULT, ADULT, AGE 17 AND UP-DOMESTIC",Yes,No,No,1,5,68,,O FALLON PARK,,FRANKLIN,O FALLON PARK,PAVILLION #1 INSIDE O FALLON PARK,0,0,July2012.dta
267964,24jul2012,2012,7,24,1730,July,2012,Robbery,31421,ROBBERY-HIGHWAY  /STRNGARM/NO INJ/SUCCESS,Yes,No,No,1,3,81,0,TOWER GROVE PARK,,CRITTENDEN,GRAND ENTRANCE,,0,0,July2012.dta
270188,06aug2012,2012,8,6,1230,August,2012,Other Offense,266999,PUBLIC ORDER-OTHR UNSPC PBLC ORDER VIOLATION,Yes,No,No,1,4,36,0,CIVIC CENTER METROLI,,CIVIC CENTER METROLI,METRO,METROLINK PLATFORM,0,0,August2012.dta
270192,06aug2012,2012,8,6,1300,August,2012,Disorderly Conduct,241100,DISORDERLY CONDUCT-PEACE DSTRB/INDIVIDUAL,Yes,No,No,1,0,0,0,UNKNOWN,,HAMILTON,UNIVERSITY CITY,,0,0,August2012.dta
270673,09aug2012,2012,8,9,2000,August,2012,Criminal Damage,142320,DESTRUCTION OF PROPERTY-MALICIOUS/PRIV PROP,Yes,No,No,1,1,17,0,I 55 SOUTHBOUND,,,,I 55 S/B AT DELOR OVERPASS,0,0,August2012.dta
270700,09aug2012,2012,8,9,2323,August,2012,Other Offense,265321,LEAVING SCENE OF ACCIDENT,Yes,No,No,1,2,82,0,UNION DR,,,,@FOREST PARK - MUNY,0,0,August2012.dta
272891,24aug2012,2012,8,24,2125,August,2012,Other Offense,265321,LEAVING SCENE OF ACCIDENT,Yes,No,No,1,4,35,,PSB I 64 WESTBOUND,,,POPLAR STREET BRIDGE,,0,0,August2012.dta
273257,26aug2012,2012,8,26,2100,August,2012,Robbery,31111,ROBBERY-HIGHWAY  /FIREARM USED/SUCCESSFUL,Yes,No,No,1,5,65,0,FARRAGUT ST,,,@19TH,,0,0,August2012.dta
273924,31aug2012,2012,8,31,1100,August,2012,Criminal Damage,142320,DESTRUCTION OF PROPERTY-MALICIOUS/PRIV PROP,Yes,No,No,1,2,82,0,LAGOON DR,,LINDELL,,@ PROBESTEIN GOLF CLUB,0,0,August2012.dta
274079,17jul2012,2012,7,17,1,September,2012,Frauds,112010,FRAUD-CREDIT DEVICE/OVER $150,Yes,No,No,1,0,0,9999,UNKNOWN,,UNION,,CYBER SPACE,0,0,September2012.dta
274370,01sep2011,2011,9,1,1500,September,2012,Other Assaults,91123,SIMPLE ASSAULT-CHILD/NO INJURY,Yes,No,No,1,5,0,0,UNKNOWN,,KINGSHIGHWAY,,RESIDENCE NEAR ANGELICA AND NORTH FL,0,0,September2012.dta
276610,24sep2012,2012,9,24,1710,September,2012,Larceny,67701,LARCENY-FROM BUILDING UNDER $500,Yes,No,No,1,9,39,,MANCHESTER AVE,,,,DOLLAR GENERAL,0,0,September2012.dta
277569,04sep2012,2012,9,4,1140,September,2012,Larceny,64601,"LARCENY-FROM MTR VEH $500 - $24,999",Yes,No,No,1,6,75,0,RIVERVIEW,,DUNN,,OLD CHAIN OF ROCKS BRIDGE,0,0,September2012.dta
281100,27oct2012,2012,10,27,1600,October,2012,Larceny,64601,"LARCENY-FROM MTR VEH $500 - $24,999",Yes,No,No,1,2,82,,JEWEL BOX,,,MCKINLEY AND UNION,: @JEWEL BOX,0,0,October2012.dta
282641,11sep2012,2012,9,11,945,October,2012,Other Assaults,91113,SIMPLE ASSAULT-ADULT/NO INJURY,No,No,Yes,1,1,17,4701,,,NEBRASKA,,NUISANCE ABATEMENT PROPERTY EXPIRATI,0,0,October2012.dta
283033,29oct2012,2012,10,29,1710,November,2012,Frauds,117000,FAILURE TO RETURN BORROWED/RENTED VEHICL,No,No,Yes,1,6,70,,,,,SHELL GAS STATION,,0,0,November2012.dta
283491,11nov2012,2012,11,11,246,November,2012,Other Assaults,91114,"ASSAULT, ADULT, AGE 17 AND UP-DOMESTIC",Yes,No,No,1,4,35,999,N.2ND ST,,N.2ND,HOTEL LUMIERE,,0,0,November2012.dta
284275,17nov2012,2012,11,17,2200,November,2012,Motor Vehicle Theft,71013,AUTO THEFT-PERM RETNT/UNRECOV OVER 48HR,Yes,No,No,1,9,59,0,JAMES COOL PAPA BELL,,JAMES COOL PAPA BELL,,NEAR DOWNTOWN,0,0,November2012.dta
286015,30nov2012,2012,11,30,2000,November,2012,Aggravated Assault,44012,"AGG.ASSAULT-HNDS,FST,FEET/CTZEN ADLT 2ND DEGRE",Yes,No,No,1,6,0,0,GOODFELLOW,,,,@PARK - OFALLON,0,0,November2012.dta
290850,01jan2013,2013,1,1,205,January,2013,Other Assaults,91113,SIMPLE ASSAULT-ADULT/NO INJURY,Yes,No,No,1,4,35,999,N 2ND ST,,2ND,LUMIERE CASINO,,0,0,January2013.dta
298135,25feb2013,2013,2,25,1605,February,2013,Narcotics,182130,DRUGS-POSSESSION/HEROIN,Yes,No,No,1,0,0,0,UNKNOWN,,,WOODSON TERRACE MO,,0,0,February2013.dta
299014,02mar2013,2013,3,2,2030,March,2013,Larceny,67701,LARCENY-FROM BUILDING UNDER $500,Yes,No,No,1,4,35,999,N 2ND ST,,2ND,LUMIERE HOTEL,,0,0,March2013.dta
299310,05mar2013,2013,3,5,1620,March,2013,Robbery,31111,ROBBERY-HIGHWAY  /FIREARM USED/SUCCESSFUL,Yes,No,No,1,0,0,0,UNKNOWN UNKNOWN,,2ND,WITHIN CITY OF ST LOUIS,WITHIN CITY OF ST LOUIS,0,0,March2013.dta
299771,09mar2013,2013,3,9,200,March,2013,Sexual Assault,21000,RAPE -- FORCIBLE,Yes,No,No,1,0,0,0,UNKNOWN,,1ST,LACLEDE S LANDING,,0,0,March2013.dta
301891,27mar2013,2013,3,27,1130,March,2013,Larceny,64601,"LARCENY-FROM MTR VEH $500 - $24,999",Yes,No,No,1,2,82,0,WELL DR,,,,@FOREST PARK - KENNEDY FOREST,0,0,March2013.dta
302597,23mar2013,2013,3,23,700,April,2013,Aggravated Assault,43015,ASSLT-AGGRAV-OTH-WPN-2ND-ADULT-DOMESTIC,No,No,Yes,1,3,15,4120,,,WYOMING,,:APT A,0,0,April2013.dta
302644,27mar2013,2013,3,27,1700,April,2013,Larceny,67601,"LARCENY-FROM BUILDING $500 - $24,999",Yes,No,No,1,9,0,,S VANDEVENTER,,VANDEVENTER,,@ MAGNOLIAGE BAR REAR,0,0,April2013.dta
303070,03apr2013,2013,4,3,1435,April,2013,Larceny,64701,LARCENY-FROM MTR VEH UNDER $500,Yes,No,No,1,9,0,0,UNKNOWN,,DELMAR,,ON THE SCHOOL BUS,0,0,April2013.dta
304220,12apr2013,2013,4,12,1200,April,2013,Frauds,112020,FRAUD-CREDIT DEVICE/UNDER $150,Yes,No,No,1,0,0,0,UNKNOWN,,UNKNOWN,,UNKNOWN,0,0,April2013.dta
305394,20apr2013,2013,4,20,2247,April,2013,Other Offense,265321,LEAVING SCENE OF ACCIDENT,Yes,No,No,1,1,1,0,I 55 SOUTHBOUND,,,HIGHWAY,HIGHWAY,0,0,April2013.dta
306396,28apr2013,2013,4,28,1500,April,2013,Criminal Damage,142320,DESTRUCTION OF PROPERTY-MALICIOUS/PRIV PROP,Yes,No,No,1,3,0,,55,,,SOULARD,,0,0,April2013.dta
308843,13may2013,2013,5,13,1745,May,2013,Larceny,64701,LARCENY-FROM MTR VEH UNDER $500,Yes,No,No,1,4,0,0,(90745710 ST_LOUIS_C,,,BUSCH STADIUM METROLINK,CASINO QUEEN SHUTTLE BUS,0,0,May2013.dta
309379,17may2013,2013,5,17,900,May,2013,Larceny,64711,LARCENY-FROM MTR VEH UNDER $500  /ATTEMPT,Yes,No,No,1,4,35,0,"(90993706,101612966)",,,,@ARCH,0,0,May2013.dta
310499,24may2013,2013,5,24,900,May,2013,Larceny,64701,LARCENY-FROM MTR VEH UNDER $500,Yes,No,No,1,2,82,0,LAGOON DR,,CLAYTON,PROBSTEIN GOLF COURSE,,0,0,May2013.dta
310561,24may2013,2013,5,24,1815,May,2013,Larceny,64601,"LARCENY-FROM MTR VEH $500 - $24,999",Yes,No,No,1,0,0,0,TWIN LOTS,,,TWIN LOTS,,0,0,May2013.dta
310668,25may2013,2013,5,25,1300,May,2013,Larceny,64701,LARCENY-FROM MTR VEH UNDER $500,Yes,No,No,1,6,68,0,FAIRGROUND PARK,,,FAIRGROUND PARK,,0,0,May2013.dta
311762,25may2013,2013,5,25,2100,June,2013,Larceny,67701,LARCENY-FROM BUILDING UNDER $500,Yes,No,No,1,4,0,0,UNKNOWN,,CLARK,,@ LACLEDE S LANDING,0,0,June2013.dta
312900,14jun2013,2013,6,14,2300,June,2013,Other Assaults,91113,SIMPLE ASSAULT-ADULT/NO INJURY,Yes,No,No,1,0,0,,UNKNOWN,,JEFFERSON,,@CPD,0,0,June2013.dta
315510,04jun2013,2013,6,4,715,June,2013,Other Assaults,91113,SIMPLE ASSAULT-ADULT/NO INJURY,Yes,No,No,1,2,7,0,HAMPTON,,GOVERNMENT,,GRAVOIS,0,0,June2013.dta
316081,08jun2013,2013,6,8,953,June,2013,Larceny,61701,LARCENY-PICKPOCKET UNDER $500,Yes,No,No,1,2,82,0,TAMM AND WELLS,,TAMM AND WELLS,SAINT LOUIS ZOO,,0,0,June2013.dta
316910,03jul2013,2013,7,3,1330,July,2013,Larceny,64701,LARCENY-FROM MTR VEH UNDER $500,Yes,No,No,1,2,82,0,WELLS DR,,GOVERNMENT,,@ KENNEDY FOREST,0,0,July2013.dta
318419,13jul2013,2013,7,13,100,July,2013,Sexual Assault,21000,RAPE -- FORCIBLE,Yes,No,No,1,0,0,0,UNKNOWN,,ARLINGTON,,UNKNOWN,0,0,July2013.dta
321444,31jul2013,2013,7,31,1230,August,2013,Motor Vehicle Theft,71013,AUTO THEFT-PERM RETNT/UNRECOV OVER 48HR,Yes,No,No,1,9,38,,,,,BARNES JEWISH HOSPITAL,,0,0,August2013.dta
321776,02aug2013,2013,8,2,2029,August,2013,Larceny,64601,"LARCENY-FROM MTR VEH $500 - $24,999",Yes,No,No,1,9,0,0,WELLS DRIVE,,GRAND,,@KENNEDY FOREST,0,0,August2013.dta
321972,04aug2013,2013,8,4,30,August,2013,Other Offense,265321,LEAVING SCENE OF ACCIDENT,Yes,No,No,1,3,22,0,I 55 SOUTHBOUND,,SUTHERLAND,INTERSTATE 55,,0,0,August2013.dta
322344,06aug2013,2013,8,6,1045,August,2013,Other Offense,266999,PUBLIC ORDER-OTHR UNSPC PBLC ORDER VIOLATION,Yes,No,No,1,9,38,0,CENTRAL WEST END PLA,,CENTRAL WEST END PLA,METRO,CENTRAL WEST END PLATFORM,0,0,August2013.dta
328546,23sep2013,2013,9,23,1300,September,2013,Motor Vehicle Theft,72140,AUTO THEFT-TRUCK/PERM RETNT/ATTEMPT,Yes,No,No,1,5,83,0,FAIRGROUND PARK,,,,@FAIRGROUND PARK,0,0,September2013.dta
329481,03sep2013,2013,9,3,1206,September,2013,Larceny,67701,LARCENY-FROM BUILDING UNDER $500,Yes,No,No,1,3,19,3545,,,OREGON,,APARTMENT,0,0,September2013.dta
329960,05sep2013,2013,9,5,2229,September,2013,Robbery,31311,ROBBERY-HIGHWAY/OTHR WEPN USED/SUCCESSFUL,Yes,No,No,1,5,5,0,GRAND AT ST LOUIS,,GRAND AT ST LOUIS,,UNKNOWN EXACT LOCATION AT THIS TIME,0,0,September2013.dta
331134,12oct2013,2013,10,12,2330,October,2013,Larceny,69602,"LARCENY-ALL OTHER $500 - $24,999",Yes,No,No,1,4,0,0,UNKNOWN,,JEFFERSON,LACLEDES LANDING,,0,0,October2013.dta
331486,15oct2013,2013,10,15,700,October,2013,Larceny,64701,LARCENY-FROM MTR VEH UNDER $500,Yes,No,No,1,6,71,,UNION SEVENTY CENT,,,,1ST STUDENT. SCHOOL BUS COMPANY,0,0,October2013.dta
334462,17sep2013,2013,9,17,1300,October,2013,Sexual Assault,21000,RAPE -- FORCIBLE,Yes,No,No,1,7,0,0,UNKNOWN,,,,PAGE AVENUE AND BELT,0,0,October2013.dta
334847,29oct2013,2013,10,29,800,November,2013,Larceny,65701,LARCENY-MTR VEH PARTS UNDER $500,Yes,No,No,1,0,2,0,LAGOON DR,,FINE ARTS,,@FOREST PARK - ART MUSEUM,0,0,November2013.dta
335621,14nov2013,2013,11,14,1807,November,2013,Other Offense,265321,LEAVING SCENE OF ACCIDENT,Yes,No,No,1,1,0,0,55 SOUTHBOUND,,,INTERSTATE 55,,0,0,November2013.dta
337727,04nov2013,2013,11,4,336,November,2013,Driving Under Influence,211000,DUI-DRVING WHILE INTOXICATED,Yes,No,No,1,3,4,0,I 55 SOUTHBOUND,,,HIGHWAY,,0,0,November2013.dta
338847,01dec2013,2013,12,1,830,December,2013,Larceny,64601,"LARCENY-FROM MTR VEH $500 - $24,999",Yes,No,No,1,2,82,0,WELLS DR,,,,@FOREST PARK - KENNEDY FOREST,0,0,December2013.dta
341896,09dec2013,2013,12,9,2050,December,2013,Larceny,69703,LARCENY-ALL OTH/FRM PRSN/UNDER $500,Yes,No,No,1,4,36,,AND CLARK,,,UNION STATION,UNION STATION,0,0,December2013.dta
342963,12jan2014,2014,1,12,1349,January,2014,Other Offense,265321,LEAVING SCENE OF ACCIDENT,Yes,No,No,1,4,0,,MCKINLEY BRIDGE,,,,@MCKINLEY BRIDGE,0,0,January2014.dta
343096,13jan2014,2014,1,13,1345,January,2014,Criminal Damage,142320,DESTRUCTION OF PROPERTY-MALICIOUS/PRIV PROP,Yes,No,No,1,2,81,,TOWER GROVE PARK,,,,ON MAIN DR JUST WEST OF NORTHEAST DR,0,0,January2014.dta
343474,16jan2014,2014,1,16,2000,January,2014,Larceny,69703,LARCENY-ALL OTH/FRM PRSN/UNDER $500,Yes,No,No,1,3,0,,S BROADWAY,,MIAMI,WALGREEN,,0,0,January2014.dta
343567,17jan2014,2014,1,17,2210,January,2014,Narcotics,182130,DRUGS-POSSESSION/HEROIN,Yes,No,No,1,6,0,,W. FLORISSANT,,,GAS MART,,0,0,January2014.dta
344426,26jan2014,2014,1,26,1525,January,2014,Other Offense,266999,PUBLIC ORDER-OTHR UNSPC PBLC ORDER VIOLATION,Yes,No,No,1,4,0,,SPRUCE ST,,SPRUCE,CIVIC CENTER METRO LINK STATION,METRO LINK AGENCY,0,0,January2014.dta
344668,28jan2014,2014,1,28,2115,January,2014,Other Assaults,91113,SIMPLE ASSAULT-ADULT/NO INJURY,Yes,No,No,1,5,0,,DR MARTIN LUTHER KING DR,,,,6000 BLOCK OF DR MARTIN LUTHER KING,0,0,January2014.dta
345002,18sep2013,2013,9,18,1500,January,2014,Larceny,69602,"LARCENY-ALL OTHER $500 - $24,999",No,No,No,1,6,74,,SWITZER,,SWITZER,,REAR ALLEY,0,0,January2014.dta
345165,28dec2013,2013,12,28,2220,January,2014,Criminal Damage,142320,DESTRUCTION OF PROPERTY-MALICIOUS/PRIV PROP,No,No,No,1,4,37,,SAMUEL SHEPARD,,SAMUEL SHEPARD,BANNEKER SCHOOL,,0,0,January2014.dta
345167,29dec2013,2013,12,29,40,January,2014,Disorderly Conduct,241100,DISORDERLY CONDUCT-PEACE DSTRB/INDIVIDUAL,No,No,No,1,2,14,,LINDENWOOD,,LINDENWOOD,,:2ND FLOOR,0,0,January2014.dta
345256,13jan2014,2014,1,13,1345,February,2014,Larceny,64711,LARCENY-FROM MTR VEH UNDER $500  /ATTEMPT,No,No,No,1,2,81,,TOWER GROVE PARK,,,,ON MAIN DR JUST WEST OF NORTHEAST DR,0,0,February2014.dta
346351,17feb2014,2014,2,17,2215,February,2014,Robbery,31411,ROBBERY-HIGHWAY  /STRNGARM/INJURY/SUCCESS,Yes,No,No,1,4,35,0,UNKNOWN,,1ST,,UNKNOWN,0,0,February2014.dta
348234,17feb2014,2014,2,17,2215,March,2014,Other Assaults,91113,SIMPLE ASSAULT-ADULT/NO INJURY,No,No,No,1,4,35,,,,1ST,,UNKNOWN,0,0,March2014.dta
349453,17mar2014,2014,3,17,2100,March,2014,Narcotics,182999,DRUGS-POSSESSION/OTHR UNSPEC DRUG,Yes,No,No,1,6,85,0,I 70 EASTBOUND,,,O FALLON PK ENTRANCE RAMP,O FALLON EXIT AT EB I-70 MILE-MARKER 246.4,0,0,March2014.dta
351033,31mar2014,2014,3,31,1425,March,2014,Larceny,64601,"LARCENY-FROM MTR VEH $500 - $24,999",Yes,No,No,1,2,82,,THEATRE DR,,,,THE MUNY,0,0,March2014.dta
351334,06mar2014,2014,3,6,605,March,2014,Disorderly Conduct,241100,DISORDERLY CONDUCT-PEACE DSTRB/INDIVIDUAL,Yes,No,No,1,2,39,0,I 64 WESTBOUND,,I 64 WESTBOUND,AT BOYLE AVENUE,,0,0,March2014.dta
353038,09apr2014,2014,4,9,2200,April,2014,Sex Offenses,178200,SEX OFFNS-EXPOSURE/EXPOSING PERSON,Yes,No,No,1,4,35,0,S BROADWAY,,BROADWAY,HILTON AT THE BALLPARK,IMOS RESTAURANT,0,0,April2014.dta
358602,21may2014,2014,5,21,2205,May,2014,Stolen Property,130000,"STOLEN PROPERTY-BUYING,RECEIVING,POSSESSING,ET",Yes,No,No,1,0,0,0,UNKNOWN,,PAGE,FLORISSANT PD,,0,0,May2014.dta
359941,14may2014,2014,5,14,1123,June,2014,Burglary,51312,BURGLARY-RESDNCE/UNK TIM/FORC ENT/UNOCCUPIED,No,No,No,1,5,47,5616,,,PERSHING,,:APT 24,0,0,June2014.dta
361000,07jun2014,2014,6,7,1100,June,2014,Other Offense,265321,LEAVING SCENE OF ACCIDENT,Yes,No,No,1,4,35,0,POPLAR STREET BRDG,,,,ON THE BRIDGE,0,0,June2014.dta
370274,12aug2014,2014,8,12,2100,August,2014,Other Assaults,91113,SIMPLE ASSAULT-ADULT/NO INJURY,Yes,No,No,1,0,0,0,UNKNOWN,,,,EXACT LOCATION UNKNONW,0,0,August2014.dta
371654,23aug2014,2014,8,23,2130,August,2014,Larceny,69602,"LARCENY-ALL OTHER $500 - $24,999",Yes,No,No,1,2,82,0,FOREST PARK ART HILL,,,ART HILL,,0,0,August2014.dta
371894,25aug2014,2014,8,25,2125,August,2014,Robbery,31111,ROBBERY-HIGHWAY  /FIREARM USED/SUCCESSFUL,Yes,No,No,1,0,0,0,RIVERFRONT TRAIL WALK,,,,RIVERFRONT,0,0,August2014.dta
372506,31aug2014,2014,8,31,1130,August,2014,Larceny,64701,LARCENY-FROM MTR VEH UNDER $500,Yes,No,No,1,2,82,0,FOREST PARK AVE,,CLAYTON,FOREST PARK - AAA GOLF COURSE,,0,0,August2014.dta
372555,31aug2014,2014,8,31,2308,August,2014,Other Offense,265321,LEAVING SCENE OF ACCIDENT,Yes,No,No,1,3,21,0,I 55 NORTHBOUND,,,INTERSTATE,,0,0,August2014.dta
375426,19sep2014,2014,9,19,2038,September,2014,Sex Offenses,178200,SEX OFFNS-EXPOSURE/EXPOSING PERSON,Yes,No,No,1,6,85,0,OFALLON PARK,,,,OFALLON PARK,0,0,September2014.dta
377153,27sep2014,2014,9,27,145,October,2014,Other Offense,263120,OBSTRUCT GOVRN OP-FALSE REPORT,Yes,No,No,1,4,60,,,,,,: ALIAS ST LOUIS/FLORISSANT,0,0,October2014.dta
381349,26oct2014,2014,10,26,15,November,2014,Larceny,64701,LARCENY-FROM MTR VEH UNDER $500,No,No,No,1,4,35,999,2ND,,2ND,FOUR SEASONS HOTEL/LUMIERE CASINO,,0,0,November2014.dta
385380,28nov2014,2014,11,28,830,December,2014,Larceny,64701,LARCENY-FROM MTR VEH UNDER $500,No,No,No,1,2,82,,,,,FOREST PARK & ROUND LAKE,,0,0,December2014.dta
389220,01jan2015,2015,1,1,344,January,2015,Aggravated Assault,41011,AGG.ASSAULT-FIREARM/CITIZEN ADULT 1ST DEGREE,Yes,No,No,1,3,20,0,I 44 WESTBOUND,,GRAND,,@ 7TH STREET,0,0,January2015.dta
389221,01jan2015,2015,1,1,344,January,2015,Aggravated Assault,41011,AGG.ASSAULT-FIREARM/CITIZEN ADULT 1ST DEGREE,Yes,No,No,1,3,20,0,I 44 WESTBOUND,,GRAND,,@ 7TH STREET,0,0,January2015.dta
389222,01jan2015,2015,1,1,344,January,2015,Aggravated Assault,41021,AGG.ASSAULT-FIREARM/CITIZEN CHILD 1ST DEGREE,Yes,No,No,1,3,20,0,I 44 WESTBOUND,,GRAND,,@ 7TH STREET,0,0,January2015.dta
389223,01jan2015,2015,1,1,344,January,2015,Aggravated Assault,41011,AGG.ASSAULT-FIREARM/CITIZEN ADULT 1ST DEGREE,Yes,No,No,1,3,20,0,I 44 WESTBOUND,,GRAND,,@ 7TH STREET,0,0,January2015.dta
389224,01jan2015,2015,1,1,344,January,2015,Aggravated Assault,41011,AGG.ASSAULT-FIREARM/CITIZEN ADULT 1ST DEGREE,Yes,No,No,1,3,20,0,I 44 WESTBOUND,,GRAND,,@ 7TH STREET,0,0,January2015.dta
389650,05jan2015,2015,1,5,420,January,2015,Other Offense,265321,LEAVING SCENE OF ACCIDENT,Yes,No,No,1,3,21,0,I 55 SOUTHBOUND,,GRAVOIS,,ON INTERSTATE 55 JUST SOUTH OF THE P,0,0,January2015.dta
393153,16jan2015,2015,1,16,125,February,2015,Aggravated Assault,43016,ASSLT-AGGRAV-OTH-WPN-3RD-ADULT-DOMESTIC,No,No,No,1,3,23,2118,,,MISSISSIPPI,,:DOWNSTAIRS UNIT,0,0,February2015.dta
393742,04feb2015,2015,2,4,1500,February,2015,Other Offense,265321,LEAVING SCENE OF ACCIDENT,Yes,No,No,1,2,88,0,MCKINLEY DR,,,FOREST PARK,,0,0,February2015.dta
404723,26apr2015,2015,4,26,1700,April,2015,Larceny,64701,LARCENY-FROM MTR VEH UNDER $500,Yes,No,No,1,2,82,0,WORLDS FAIR PAVILION,,,WORLD S FAIR PAVILION,,0,0,April2015.dta
405398,31mar2015,2015,3,31,1403,May,2015,Sex Offenses,178200,SEX OFFNS-EXPOSURE/EXPOSING PERSON,Yes,No,No,1,4,35,0,S BROADWAY,,S BROADWAY,HOTEL- HILTON AT THE BALL PARK,,0,0,May2015.dta
405450,13apr2015,2015,4,13,2333,May,2015,Frauds,115400,STLG BY DECEIT/IDENTITY THEFT REPORT,Yes,No,No,1,0,0,0,UNKNOWN,,OLIVE,,UNKNOWN,0,0,May2015.dta
406022,03may2015,2015,5,3,1735,May,2015,Disorderly Conduct,241100,DISORDERLY CONDUCT-PEACE DSTRB/INDIVIDUAL,Yes,No,No,1,6,85,0,OFALLON PARK,,,O FALLON PARK,@OFALLON PARK,0,0,May2015.dta
406147,04may2015,2015,5,4,1753,May,2015,Sex Offenses,175400,SEX OFFNS-SX MISCONDUCT/SECOND,Yes,No,No,1,1,80,0,CARONDELET PARK,,,CARONDELET PARK,,0,0,May2015.dta
408636,23may2015,2015,5,23,1230,May,2015,Sex Offenses,175500,SEX OFFNS-SX MISCONDUCT/FIRST,Yes,No,No,1,5,38,0,MARYLAND PLZ,,,COFFEE CARTEL,,0,0,May2015.dta
411747,13jun2015,2015,6,13,530,June,2015,Aggravated Assault,41011,AGG.ASSAULT-FIREARM/CITIZEN ADULT 1ST DEGREE,Yes,No,No,1,0,0,0,UNKNOWN,,,,EXACT LOCATION OF OCCURENCE UNKNOWN,0,0,June2015.dta
413891,29jun2015,2015,6,29,800,June,2015,Larceny,64701,LARCENY-FROM MTR VEH UNDER $500,Yes,No,No,1,3,21,0,I 44 WESTBOUND,,,@ GRAVOIS,I-44 WEST,0,0,June2015.dta
414162,01jun2015,2015,6,1,100,July,2015,Larceny,69702,LARCENY-ALL OTHER UNDER $500,Yes,No,No,1,0,0,0,UNKNOWN,,ETZEL,,APT 302,0,0,July2015.dta
415028,04jul2015,2015,7,4,2200,July,2015,Weapons,151130,WEAPONS-STATE VIOL/UNLWFL USE/CARRYING,Yes,No,No,1,2,82,0,WASHINGTON AND GOVERNMENT,,,FOREST PARK,@GATE 3 VP FAIR,0,0,July2015.dta
415268,06jul2015,2015,7,6,2000,July,2015,Sexual Assault,21000,RAPE -- FORCIBLE,Yes,No,No,1,0,0,0,UNKNOWN,,OLIVE,,UNKNOWN LOCATION,0,0,July2015.dta
418028,25jul2015,2015,7,25,230,July,2015,Aggravated Assault,42011,AGG.ASSAULT-KNIFE/CITIZEN ADULT 1ST DEGREE,Yes,No,No,1,0,0,0,UNKNOWN,,BROADWAY,O FALLON PLACE APARTMENTS,,0,0,July2015.dta
418637,29jul2015,2015,7,29,2054,July,2015,Sex Offenses,178200,SEX OFFNS-EXPOSURE/EXPOSING PERSON,Yes,No,No,1,4,35,0,S BROADWAY,,,,@HOTEL- HILTON AT THE BALL PARK,0,0,July2015.dta
420441,08aug2015,2015,8,8,1630,August,2015,Larceny,64701,LARCENY-FROM MTR VEH UNDER $500,Yes,No,No,1,6,75,0,CHAIN OF ROCKS BRG,,,CHAIN OF ROCKS BRIDGE,,0,0,August2015.dta
422625,24aug2015,2015,8,24,2121,August,2015,Sex Offenses,176100,SEX OFFNS-SX ABUSE/1ST/NO CONSNT/VIC<12,Yes,No,No,1,1,80,0,CARONDELET PARK,,,,@CARONDELET PARK,0,0,August2015.dta
424004,01sep2015,2015,9,1,1650,September,2015,Disorderly Conduct,241100,DISORDERLY CONDUCT-PEACE DSTRB/INDIVIDUAL,Yes,No,No,1,0,0,0,UNKNOWN,,CARR,HAZELWOOD MO,,0,0,September2015.dta
424476,04sep2015,2015,9,4,1800,September,2015,Sexual Assault,21000,RAPE -- FORCIBLE,Yes,No,No,1,0,0,0,UNKNOWN,,,,UNKNOWN LOCATION,0,0,September2015.dta
425718,13sep2015,2015,9,13,230,September,2015,Sexual Assault,21000,RAPE -- FORCIBLE,Yes,No,No,1,0,0,0,UNKNOWN,,OLIVE,,OCCURRED IN A VEHICLE PARKED IN UNKN,0,0,September2015.dta
425727,13sep2015,2015,9,13,1030,September,2015,Larceny,64601,"LARCENY-FROM MTR VEH $500 - $24,999",Yes,No,No,1,0,0,0,UNKNOWN,,STABLES,UNKNOWN,UNKNOWN LOCATION OF OCCURANCE,0,0,September2015.dta
426183,17sep2015,2015,9,17,5,September,2015,Sexual Assault,21000,RAPE -- FORCIBLE,Yes,No,No,1,6,85,0,OFALLON PARK,,,,@OFALLON PARK,0,0,September2015.dta
428814,04oct2015,2015,10,4,2000,October,2015,Robbery,31411,ROBBERY-HIGHWAY  /STRNGARM/INJURY/SUCCESS,Yes,No,No,1,0,0,0,UNKNOWN,,HODIAMONT,,INCIDENT LOCATION IS UNKNOWN / VICTI,0,0,October2015.dta
430955,21oct2015,2015,10,21,730,October,2015,Other Offense,265321,LEAVING SCENE OF ACCIDENT,Yes,No,No,1,5,48,0,UNKNOWN,,SKINKER,UNIVERSITY CITY,,0,0,October2015.dta
431344,24oct2015,2015,10,24,527,October,2015,Criminal Damage,142310,DESTRUCTION OF PROPERTY-MALICIOUS/PUBLIC PROP,Yes,No,No,1,4,35,0,POPLAR ST BRDG,,,POPLAR STREET BRIDGE,@POPLAR ST BRIDGE,0,0,October2015.dta
432262,01jan2013,2013,1,1,1,November,2015,Sexual Assault,23000,RAPE-ATTEMPT FORCIBLE RAPE/FORCIBLE INCEST,Yes,No,No,1,1,2,100,,,CATALAN,LINDEN GARDEN APARTMENTS,,0,0,November2015.dta
432488,24oct2015,2015,10,24,1930,November,2015,Aggravated Assault,42011,AGG.ASSAULT-KNIFE/CITIZEN ADULT 1ST DEGREE,No,No,No,1,3,22,,,,MISSOURI,,BENTON PARK,0,0,November2015.dta
433941,11nov2015,2015,11,11,1301,November,2015,Larceny,69702,LARCENY-ALL OTHER UNDER $500,Yes,No,No,1,2,81,0,TOWER GROVE PARK,,,,@TOWER GROVE PARK,0,0,November2015.dta
436628,03dec2015,2015,12,3,1125,December,2015,Sex Offenses,178100,SEX OFFNS-EXPOSURE/LEWD&LACIV ACT,Yes,No,No,1,2,88,0,WILLMORE PARK,,,,@WILLMORE PARK,0,0,December2015.dta
437252,08dec2015,2015,12,8,1638,December,2015,Stolen Property,130000,"STOLEN PROPERTY-BUYING,RECEIVING,POSSESSING,ET",Yes,No,No,1,0,0,0,UNKNOWN,,,UNIVERSITY CITY MO,,0,0,December2015.dta
437573,11dec2015,2015,12,11,1130,December,2015,Narcotics,182400,DRUGS-POSSESSION/MARIJUANA,Yes,No,No,1,6,85,0,OFALLON PARK,,,,@OFALLON PARK,0,0,December2015.dta
